order_id,customer_id,product_name,quantity,unit_price,currency,order_date
ORD002237,CUST0030,External SSD 1TB,2.0,1525.75,USD,17/03/2025
ORD002405,CUST0272,Webcam HD,1.0,1077.71,USD,05-06-2024
ORD001279,CUST0211,Webcam HD,5.0,1768.24,INR,05-20-2024
ORD000533,CUST0197,27in Monitor,1.0,618.49,EUR,05-04-2025
ORD002684,CUST0146,Webcam HD,2.0,684.06,EUR,2024/12/10
ORD001808,CUST0061,Noise Cancelling Headphones,1.0,289.16,AUD,2024-07-03
ORD002799,CUST0016,Laptop Pro 15,5.0,883.58,USD,06-13-2024
ORD001391,CUST0291,Webcam HD,1.0,129.32,INR,2024-04-30
ORD002220,CUST0279,USB-C Hub,1.0,214.97,USD,16/09/2024
ORD002435,CUST0111,27in Monitor,1.0,888.9,AUD,2025/03/08
ORD000171,CUST0303,27in Monitor,2.0,1647.37,GBP,2024-12-26
ORD000482,CUST0109,External SSD 1TB,2.0,1623.63,USD,2024/04/07
ORD001674,CUST0305,Mechanical Keyboard,-1.0,606.33,EUR,2025/01/29
ORD001397,CUST0100,27in Monitor,1.0,860.6,USD,2024-12-09
ORD001595,CUST0375,Mechanical Keyboard,3.0,210.81,EUR,06-23-2024
ORD002402,CUST0299,External SSD 1TB,2.0,358.29,USD,29/08/2024
ORD000342,CUST0034,Office Chair,3.0,550.16,INR,10-19-2024
ORD001527,CUST0142,External SSD 1TB,1.0,530.15,USD,2025/02/19
ORD002239,CUST0365,Wireless Mouse,2.0,1662.13,INR,26/01/2025
ORD002942,CUST0145,Office Chair,1.0,1331.05,EUR,13/02/2025
ORD002698,CUST0240,27in Monitor,5.0,888.84,USD,2025/03/05
ORD000275,CUST0115,USB-C Hub,2.0,1112.74,GBP,2024-04-23
ORD001530,CUST0331,Webcam HD,2.0,1550.23,INR,2024/08/18
ORD002692,CUST0163,Webcam HD,1.0,1589.0,EUR,2024/10/13
ORD002064,CUST0280,Wireless Mouse,1.0,383.15,GBP,2024/11/16
ORD000236,CUST0096,Standing Desk,1.0,158.91,USD,2024-05-13
ORD002956,CUST0191,Laptop Pro 15,5.0,1655.2,USD,2024/05/04
ORD000911,CUST0301,Standing Desk,1.0,1147.96,USD,05/04/2024
ORD000084,CUST0302,Wireless Mouse,1.0,662.47,INR,2024/03/03
ORD002139,CUST0390,Noise Cancelling Headphones,2.0,1326.53,USD,2024-11-14
ORD000602,CUST0324,External SSD 1TB,2.0,355.32,GBP,2024/05/01
ORD000727,CUST0227,Mechanical Keyboard,1.0,1466.77,GBP,14/02/2024
ORD002989,CUST0118,27in Monitor,3.0,1681.07,USD,2024/08/03
ORD002823,CUST0359,Mechanical Keyboard,1.0,1069.43,USD,2024-04-12
ORD001456,CUST0128,Office Chair,5.0,1453.97,INR,2024-03-14
ORD002966,CUST0282,Wireless Mouse,1.0,1724.12,EUR,2024/06/28
ORD000361,CUST0213,Wireless Mouse,2.0,138.44,AUD,28/08/2024
ORD001998,CUST0075,Laptop Pro 15,2.0,1416.44,EUR,2024-02-07
ORD001122,CUST0342,Wireless Mouse,3.0,965.04,EUR,13/12/2024
ORD002333,CUST0327,USB-C Hub,5.0,269.56,EUR,2024-12-06
ORD000432,,Webcam HD,1.0,980.99,USD,23/08/2024
ORD001133,CUST0147,Noise Cancelling Headphones,3.0,1604.13,USD,2024/06/19
ORD002612,CUST0137,Noise Cancelling Headphones,1.0,1014.12,USD,14/06/2024
ORD001778,,USB-C Hub,3.0,125.03,USD,12-07-2024
ORD000183,CUST0239,Laptop Pro 15,5.0,1489.26,USD,2025/03/12
ORD002856,CUST0080,USB-C Hub,1.0,,USD,28/05/2024
ORD000395,CUST0107,External SSD 1TB,3.0,1765.44,INR,12/03/2025
ORD000735,CUST0020,Webcam HD,1.0,377.75,USD,25/02/2025
ORD001202,CUST0204,Webcam HD,2.0,1138.7,USD,2024/10/28
ORD000193,CUST0215,Noise Cancelling Headphones,1.0,1411.0,GBP,2024-08-08
ORD000805,CUST0183,Webcam HD,1.0,809.53,INR,01/04/2024
ORD000919,CUST0295,Office Chair,5.0,719.37,EUR,08-25-2024
ORD002747,CUST0143,External SSD 1TB,2.0,391.65,EUR,11-23-2024
ORD000883,CUST0061,Webcam HD,1.0,1592.63,USD,2024-06-17
ORD000630,CUST0160,External SSD 1TB,2.0,1651.82,USD,10-29-2024
ORD000082,CUST0105,Standing Desk,1.0,1584.88,AUD,2024/08/05
ORD002718,CUST0071,Laptop Pro 15,2.0,362.21,INR,21/10/2024
ORD000199,CUST0035,27in Monitor,3.0,489.63,INR,2024/10/15
ORD001871,CUST0373,27in Monitor,5.0,402.56,EUR,2024-10-23
ORD000178,CUST0023,External SSD 1TB,2.0,759.99,USD,22/11/2024
ORD000158,CUST0221,Wireless Mouse,1.0,1143.39,AUD,2024/12/21
ORD000226,CUST0385,Office Chair,2.0,1428.86,INR,23/08/2024
ORD000678,CUST0006,USB-C Hub,2.0,879.7,USD,18/02/2024
ORD002081,CUST0132,Standing Desk,5.0,108.51,EUR,09-17-2024
ORD002479,CUST0077,Office Chair,3.0,1038.21,USD,04-15-2024
ORD000693,CUST0047,Standing Desk,2.0,1746.94,USD,09/08/2024
ORD001183,CUST0052,USB-C Hub,2.0,1285.1,EUR,11/03/2024
ORD001000,CUST0270,Webcam HD,1.0,347.04,INR,2024-09-09
ORD000309,CUST0136,USB-C Hub,2.0,1264.47,USD,2025-04-12
ORD002491,CUST0157,Wireless Mouse,1.0,548.19,AUD,04-25-2025
ORD002224,CUST0230,27in Monitor,3.0,1729.12,USD,2025/05/12
ORD002178,CUST0297,USB-C Hub,1.0,137.64,GBP,2024/06/24
ORD002147,CUST0045,Webcam HD,3.0,624.11,USD,04-20-2024
ORD000293,CUST0092,27in Monitor,2.0,1720.31,USD,11/03/2025
ORD002541,CUST0265,USB-C Hub,5.0,641.18,EUR,2024/06/05
ORD002470,CUST0378,Office Chair,3.0,1182.93,AUD,02/03/2025
ORD000740,CUST0398,Office Chair,5.0,1350.92,GBP,11-04-2024
ORD002382,CUST0245,External SSD 1TB,1.0,471.78,USD,03/04/2025
ORD001651,CUST0144,USB-C Hub,1.0,,USD,2024-12-22
ORD001014,CUST0169,Laptop Pro 15,1.0,468.43,EUR,03-08-2024
ORD000936,CUST0110,External SSD 1TB,1.0,613.54,USD,2024/02/26
ORD000481,CUST0208,Laptop Pro 15,5.0,110.5,USD,21/04/2024
ORD000876,CUST0370,Wireless Mouse,1.0,1484.53,EUR,20/08/2024
ORD002913,CUST0206,Office Chair,2.0,153.81,GBP,2024-08-19
ORD000399,CUST0100,USB-C Hub,1.0,,EUR,2025-02-23
ORD002285,CUST0173,Wireless Mouse,1.0,1189.41,USD,2025/01/03
ORD002235,CUST0300,USB-C Hub,1.0,1183.81,INR,2024-01-01
ORD000099,CUST0396,27in Monitor,1.0,1736.84,EUR,2024/11/25
ORD001820,CUST0372,27in Monitor,2.0,25.95,USD,2025/01/01
ORD002682,CUST0165,USB-C Hub,5.0,327.86,AUD,2024/07/09
ORD001432,CUST0327,Noise Cancelling Headphones,1.0,1357.85,USD,2024/10/08
ORD002162,CUST0305,Office Chair,5.0,142.06,USD,2024/08/05
ORD002328,CUST0106,Office Chair,1.0,1389.28,AUD,30/04/2025
ORD001700,CUST0204,Wireless Mouse,1.0,408.97,GBP,11-07-2024
ORD000224,CUST0356,27in Monitor,1.0,1259.22,EUR,07/03/2024
ORD001736,CUST0106,Mechanical Keyboard,5.0,1794.69,USD,09-30-2024
ORD001356,CUST0302,Laptop Pro 15,3.0,195.92,GBP,2024-06-13
ORD001561,CUST0099,Mechanical Keyboard,2.0,1560.72,INR,08-18-2024
ORD001729,CUST0219,Noise Cancelling Headphones,2.0,0.0,USD,16/09/2024
ORD002004,CUST0094,External SSD 1TB,2.0,1149.03,USD,2024/01/15
ORD000981,CUST0012,Webcam HD,2.0,1143.97,AUD,2024-07-16
ORD001505,CUST0167,Webcam HD,1.0,290.86,USD,13/03/2024
ORD001492,CUST0103,Office Chair,1.0,1064.85,AUD,2025-03-13
ORD000561,CUST0220,External SSD 1TB,2.0,435.76,GBP,2025-04-26
ORD000799,CUST0234,Webcam HD,2.0,484.28,EUR,22/10/2024
ORD001529,CUST0153,Standing Desk,1.0,852.59,USD,2025-04-20
ORD002983,CUST0070,Webcam HD,5.0,635.78,AUD,2024/01/22
ORD001318,CUST0143,Standing Desk,2.0,640.87,EUR,2024/05/03
ORD002972,CUST0019,Office Chair,2.0,1393.61,USD,2024-12-28
ORD000436,CUST0200,Laptop Pro 15,1.0,640.93,EUR,24/04/2024
ORD000441,CUST0031,Wireless Mouse,3.0,62.19,AUD,2024/12/04
ORD000750,CUST0030,Office Chair,1.0,1275.74,AUD,09-09-2024
ORD002995,CUST0026,Webcam HD,1.0,1307.63,INR,06-23-2024
ORD002379,CUST0030,Office Chair,1.0,1765.2,GBP,2025-03-28
ORD001599,CUST0221,Laptop Pro 15,5.0,25.44,AUD,2025-02-02
ORD000343,CUST0153,Office Chair,1.0,193.63,USD,07-02-2024
ORD001458,CUST0373,Office Chair,1.0,1771.7,EUR,04-01-2025
ORD002963,CUST0347,27in Monitor,1.0,,USD,2025/01/10
ORD001331,CUST0398,Laptop Pro 15,1.0,1257.89,USD,06-20-2024
ORD000977,CUST0261,Laptop Pro 15,2.0,1153.02,INR,2025/02/10
ORD000403,CUST0364,USB-C Hub,2.0,1520.87,EUR,05-07-2025
ORD002600,CUST0291,Standing Desk,3.0,1786.34,EUR,06-07-2024
ORD001478,CUST0387,External SSD 1TB,3.0,827.66,EUR,18/04/2025
ORD000049,CUST0338,Wireless Mouse,5.0,831.81,INR,2024/12/13
ORD001807,CUST0122,Webcam HD,3.0,568.93,USD,06/04/2024
ORD001370,CUST0279,Laptop Pro 15,5.0,159.86,USD,30/01/2024
ORD002156,CUST0391,27in Monitor,2.0,1063.98,USD,20/01/2024
ORD002376,CUST0248,27in Monitor,2.0,1071.24,INR,09/08/2024
ORD000415,CUST0248,Office Chair,1.0,,GBP,02-13-2024
ORD001787,CUST0107,Webcam HD,2.0,834.46,USD,21/02/2025
ORD000641,CUST0083,External SSD 1TB,2.0,548.14,EUR,2024-07-22
ORD000330,CUST0367,USB-C Hub,1.0,0.0,INR,14/10/2024
ORD002061,CUST0386,Mechanical Keyboard,1.0,366.95,GBP,06/06/2024
ORD001756,CUST0060,USB-C Hub,2.0,1600.59,AUD,2024/06/07
ORD001986,CUST0033,Laptop Pro 15,3.0,998.53,USD,2024/10/02
ORD000232,CUST0288,External SSD 1TB,5.0,277.53,USD,08/10/2024
ORD000314,,USB-C Hub,1.0,1393.43,INR,2025/01/17
ORD001668,CUST0067,USB-C Hub,3.0,782.72,EUR,02-15-2025
ORD000454,CUST0253,USB-C Hub,3.0,1332.19,USD,01-18-2024
ORD002954,CUST0168,Standing Desk,3.0,1210.44,INR,2024/09/22
ORD002528,CUST0077,USB-C Hub,2.0,1120.07,USD,04/05/2025
ORD002246,CUST0274,Office Chair,3.0,490.38,USD,02-18-2025
ORD002817,CUST0138,External SSD 1TB,2.0,664.13,GBP,2024-10-17
ORD002134,CUST0249,Office Chair,3.0,796.63,GBP,29/05/2024
ORD002676,CUST0243,Wireless Mouse,5.0,1587.34,EUR,09/03/2024
ORD001481,CUST0182,Mechanical Keyboard,2.0,476.09,INR,26/01/2024
ORD000967,CUST0121,External SSD 1TB,2.0,1475.53,GBP,02-01-2024
ORD001382,CUST0034,USB-C Hub,1.0,178.87,GBP,07-11-2024
ORD000427,CUST0222,Noise Cancelling Headphones,1.0,1345.94,AUD,03-27-2024
ORD002211,CUST0038,USB-C Hub,2.0,936.48,USD,05-06-2025
ORD001591,CUST0287,Office Chair,2.0,1273.25,USD,11/04/2024
ORD002624,CUST0313,Standing Desk,2.0,1472.99,AUD,2024/07/17
ORD002323,CUST0082,Mechanical Keyboard,2.0,1297.87,USD,2024-09-21
ORD000851,CUST0376,Webcam HD,3.0,463.35,USD,03-18-2025
ORD000888,CUST0056,Laptop Pro 15,5.0,369.79,USD,2024/08/16
ORD001622,CUST0131,27in Monitor,1.0,1316.12,GBP,12-07-2024
ORD000542,CUST0333,USB-C Hub,2.0,611.3,EUR,14/01/2025
ORD001952,CUST0040,Laptop Pro 15,2.0,1580.84,USD,2025-02-11
ORD000921,CUST0340,External SSD 1TB,2.0,132.25,INR,03-01-2024
ORD002258,CUST0010,Laptop Pro 15,5.0,194.6,AUD,2024-11-28
ORD000974,CUST0316,USB-C Hub,1.0,1716.89,AUD,18/08/2024
ORD000821,CUST0105,USB-C Hub,2.0,514.1,INR,12-10-2024
ORD002092,CUST0057,Office Chair,3.0,1697.22,USD,06/06/2024
ORD000933,CUST0187,Laptop Pro 15,1.0,475.59,INR,18/03/2025
ORD002485,CUST0225,Wireless Mouse,1.0,856.64,USD,03/01/2024
ORD002665,CUST0147,External SSD 1TB,3.0,442.53,INR,23/11/2024
ORD000071,CUST0288,Noise Cancelling Headphones,5.0,902.37,USD,2024-10-01
ORD002325,CUST0216,Noise Cancelling Headphones,2.0,358.85,USD,05-02-2024
ORD000498,CUST0061,Standing Desk,3.0,443.38,USD,2024-12-15
ORD000244,CUST0223,Standing Desk,2.0,1101.86,USD,2024-12-14
ORD001487,CUST0101,Noise Cancelling Headphones,2.0,716.5,AUD,02/09/2024
ORD000598,CUST0107,Office Chair,1.0,1770.94,GBP,2025-03-08
ORD001545,CUST0291,Office Chair,5.0,1609.14,USD,01-05-2025
ORD002354,CUST0226,USB-C Hub,1.0,1567.73,USD,01-09-2025
ORD002603,CUST0053,Mechanical Keyboard,3.0,506.75,EUR,23/03/2024
ORD001803,CUST0337,Laptop Pro 15,1.0,653.23,USD,10/12/2024
ORD001695,CUST0389,Webcam HD,5.0,1465.19,USD,07-03-2024
ORD001137,CUST0070,Noise Cancelling Headphones,2.0,1587.31,USD,05-14-2024
ORD000131,CUST0113,Webcam HD,1.0,125.55,EUR,2024/09/30
ORD000910,CUST0271,27in Monitor,2.0,1497.81,USD,2024-03-31
ORD001732,CUST0035,Office Chair,2.0,585.08,GBP,2024/07/22
ORD001880,CUST0112,Office Chair,1.0,78.17,AUD,10-01-2024
ORD002664,CUST0007,Mechanical Keyboard,2.0,107.79,EUR,15/06/2024
ORD001665,CUST0331,Noise Cancelling Headphones,3.0,489.05,USD,2024-10-08
ORD000971,CUST0076,External SSD 1TB,5.0,613.05,USD,23/11/2024
ORD002221,CUST0131,USB-C Hub,2.0,19.09,USD,2024/12/29
ORD000023,CUST0298,Office Chair,2.0,1099.87,INR,04/02/2025
ORD000724,CUST0224,Webcam HD,5.0,1298.79,USD,30/05/2024
ORD000697,CUST0345,Wireless Mouse,2.0,1203.05,INR,12-03-2024
ORD002380,CUST0032,Office Chair,1.0,523.65,USD,05-01-2024
ORD002481,CUST0280,Webcam HD,2.0,932.83,USD,2025-04-18
ORD002969,CUST0136,Webcam HD,2.0,65.02,GBP,2024-11-10
ORD002195,CUST0399,27in Monitor,3.0,1321.86,GBP,2024/12/21
ORD002256,CUST0225,Office Chair,1.0,677.6,GBP,2024-07-03
ORD000846,CUST0353,27in Monitor,2.0,77.99,EUR,2025-01-03
ORD000052,CUST0381,USB-C Hub,1.0,1322.73,USD,03-05-2025
ORD000461,CUST0189,USB-C Hub,3.0,1461.77,AUD,2024-04-30
ORD002889,CUST0092,Wireless Mouse,2.0,786.0,USD,08-24-2024
ORD000588,CUST0058,Standing Desk,2.0,1482.0,AUD,2024/02/07
ORD001314,CUST0398,27in Monitor,1.0,1107.19,USD,2024-03-28
ORD002413,CUST0254,Laptop Pro 15,5.0,762.75,AUD,2025-01-17
ORD000843,CUST0047,Mechanical Keyboard,1.0,258.37,EUR,20/09/2024
ORD001002,CUST0232,External SSD 1TB,2.0,1265.81,INR,2024-10-06
ORD000272,CUST0093,Noise Cancelling Headphones,1.0,98.23,USD,09/05/2024
ORD001225,CUST0249,27in Monitor,1.0,935.47,USD,11/04/2025
ORD001053,CUST0085,Noise Cancelling Headphones,3.0,1757.87,EUR,2024-11-23
ORD000733,CUST0386,USB-C Hub,1.0,1007.17,GBP,2024-11-24
ORD001180,CUST0264,Standing Desk,1.0,1221.09,EUR,2024-09-14
ORD000246,CUST0070,Office Chair,3.0,681.0,GBP,2024-01-30
ORD002979,CUST0177,Laptop Pro 15,2.0,1584.24,INR,2024-02-10
ORD002554,CUST0365,Wireless Mouse,3.0,1698.9,USD,2024/09/02
ORD001786,CUST0106,USB-C Hub,1.0,1344.99,USD,16/03/2024
ORD001581,CUST0004,Office Chair,3.0,330.71,GBP,2025-02-12
ORD002246,CUST0274,Office Chair,3.0,490.38,USD,02-18-2025
ORD002115,CUST0206,Wireless Mouse,-1.0,0.0,USD,2024/08/31
ORD000721,CUST0365,Mechanical Keyboard,2.0,1061.42,USD,2024-04-18
ORD001392,CUST0169,Webcam HD,3.0,557.15,EUR,06-24-2024
ORD001266,CUST0363,Mechanical Keyboard,3.0,1733.02,USD,06/12/2024
ORD002905,CUST0151,USB-C Hub,1.0,1064.76,GBP,14/12/2024
ORD001620,CUST0080,Wireless Mouse,2.0,244.01,USD,2024-04-02
ORD002047,CUST0323,27in Monitor,2.0,822.41,USD,2024/06/01
ORD002651,CUST0367,Standing Desk,2.0,122.42,EUR,2024/07/18
ORD000880,CUST0013,Office Chair,5.0,1715.95,EUR,10/10/2024
ORD001760,CUST0188,Office Chair,1.0,544.3,INR,03-16-2024
ORD000951,CUST0092,Webcam HD,5.0,1732.52,AUD,23/09/2024
ORD002779,CUST0182,Mechanical Keyboard,3.0,398.29,USD,29/12/2024
ORD001229,CUST0025,External SSD 1TB,2.0,1353.64,AUD,09-12-2024
ORD002089,CUST0166,Webcam HD,2.0,705.86,AUD,10/03/2024
ORD002611,CUST0044,Noise Cancelling Headphones,2.0,0.0,GBP,23/06/2024
ORD002417,CUST0123,Wireless Mouse,2.0,684.29,GBP,08/09/2024
ORD002588,CUST0067,Office Chair,2.0,1695.23,USD,2024-12-18
ORD001503,CUST0011,Noise Cancelling Headphones,2.0,148.91,EUR,05-02-2025
ORD000016,,27in Monitor,3.0,1713.14,USD,2024-11-16
ORD001837,CUST0333,USB-C Hub,2.0,647.02,USD,12-04-2024
ORD000567,CUST0364,27in Monitor,3.0,197.97,EUR,2024-03-24
ORD002227,CUST0217,Wireless Mouse,1.0,474.58,GBP,2024/10/29
ORD002659,CUST0139,Noise Cancelling Headphones,1.0,649.05,INR,12-22-2024
ORD001737,CUST0075,Mechanical Keyboard,2.0,598.67,INR,16/03/2024
ORD001824,CUST0122,Wireless Mouse,3.0,1570.15,USD,2025-05-12
ORD001198,CUST0056,USB-C Hub,1.0,1143.99,USD,04-07-2024
ORD002829,CUST0268,Mechanical Keyboard,2.0,44.31,EUR,2024-08-08
ORD000260,CUST0362,Wireless Mouse,3.0,1517.73,INR,04-12-2024
ORD001333,CUST0250,Webcam HD,5.0,897.27,USD,18/02/2025
ORD000902,CUST0155,Laptop Pro 15,1.0,1374.3,USD,02-17-2025
ORD002634,CUST0358,Wireless Mouse,5.0,201.03,EUR,2024-02-12
ORD000763,CUST0280,External SSD 1TB,2.0,1033.69,USD,29/12/2024
ORD001104,CUST0368,USB-C Hub,2.0,1583.01,GBP,09/02/2024
ORD002507,CUST0369,Office Chair,3.0,1354.58,INR,24/07/2024
ORD002636,CUST0384,Webcam HD,2.0,55.59,INR,2025/05/12
ORD001469,CUST0231,27in Monitor,1.0,709.6,USD,2024/12/01
ORD000906,CUST0373,Noise Cancelling Headphones,5.0,1388.6,GBP,2025/03/03
ORD002658,CUST0149,Wireless Mouse,5.0,1716.29,AUD,2025-02-04
ORD000625,CUST0351,Office Chair,5.0,1403.05,USD,2024/02/06
ORD002596,CUST0180,Mechanical Keyboard,1.0,1314.67,USD,2024/01/07
ORD000973,CUST0259,USB-C Hub,1.0,1754.44,INR,2024/11/08
ORD000969,CUST0274,Standing Desk,-1.0,1434.88,AUD,25/04/2024
ORD001976,CUST0281,Office Chair,3.0,1307.14,USD,31/03/2025
ORD000490,CUST0213,USB-C Hub,1.0,191.98,USD,2025-01-08
ORD000422,CUST0342,27in Monitor,3.0,620.9,AUD,2024/03/15
ORD002100,CUST0395,Webcam HD,5.0,1191.47,USD,12-07-2024
ORD001290,CUST0385,Noise Cancelling Headphones,2.0,31.11,AUD,2024-12-04
ORD002590,CUST0338,Webcam HD,5.0,200.11,GBP,2024-12-13
ORD002152,CUST0380,Wireless Mouse,2.0,1185.1,USD,07/11/2024
ORD002813,CUST0318,Noise Cancelling Headphones,1.0,1395.58,USD,2024/12/01
ORD001226,CUST0149,Standing Desk,1.0,619.65,USD,02-19-2024
ORD002621,CUST0174,Noise Cancelling Headphones,3.0,1402.79,USD,2024-10-28
ORD002519,CUST0105,Standing Desk,2.0,326.53,GBP,06-22-2024
ORD001941,CUST0298,Standing Desk,1.0,875.52,USD,2024-01-22
ORD000703,CUST0010,Office Chair,5.0,466.34,INR,2024-10-15
ORD000095,CUST0189,External SSD 1TB,2.0,1610.7,USD,07-31-2024
ORD002125,CUST0058,Noise Cancelling Headphones,2.0,1465.61,GBP,2024/10/08
ORD001092,CUST0300,Office Chair,1.0,1230.48,USD,2024/05/31
ORD001507,CUST0149,Webcam HD,3.0,296.05,USD,2024-02-12
ORD001354,CUST0077,Webcam HD,1.0,225.95,USD,2024/12/19
ORD002737,CUST0064,Wireless Mouse,2.0,495.25,AUD,2025/02/13
ORD002807,CUST0044,External SSD 1TB,-1.0,266.12,USD,24/10/2024
ORD000653,CUST0223,Noise Cancelling Headphones,,1407.33,INR,2024/09/03
ORD002124,CUST0154,27in Monitor,2.0,15.32,EUR,2024-12-24
ORD000255,CUST0311,27in Monitor,5.0,1030.61,GBP,2024/04/19
ORD001616,CUST0345,External SSD 1TB,2.0,1204.17,AUD,01-04-2024
ORD000868,CUST0217,Webcam HD,5.0,170.07,USD,09-20-2024
ORD000373,CUST0270,Webcam HD,2.0,1641.17,EUR,2024/09/08
ORD000539,CUST0391,Noise Cancelling Headphones,2.0,202.68,EUR,2024-08-01
ORD000947,CUST0108,Wireless Mouse,2.0,444.51,USD,2024-05-31
ORD002668,CUST0005,Noise Cancelling Headphones,3.0,1770.99,USD,02-17-2024
ORD001691,CUST0345,Laptop Pro 15,3.0,1395.04,GBP,2024/11/04
ORD000326,CUST0366,Wireless Mouse,3.0,507.11,GBP,14/01/2025
ORD000086,CUST0181,USB-C Hub,3.0,260.5,USD,08-17-2024
ORD002198,CUST0168,External SSD 1TB,5.0,222.01,GBP,2024/07/16
ORD002864,CUST0048,External SSD 1TB,1.0,1530.54,USD,05/05/2024
ORD000170,CUST0049,Webcam HD,1.0,1031.2,USD,2025/02/14
ORD002352,CUST0186,Wireless Mouse,2.0,1449.54,USD,11/10/2024
ORD002311,CUST0123,Webcam HD,2.0,559.02,USD,19/02/2024
ORD002766,,27in Monitor,3.0,1153.9,INR,20/04/2024
ORD000487,CUST0284,27in Monitor,1.0,1132.1,INR,03-08-2025
ORD000941,CUST0219,Laptop Pro 15,5.0,580.16,INR,19/12/2024
ORD001007,CUST0146,Mechanical Keyboard,1.0,1336.06,USD,2025/03/28
ORD002275,CUST0235,Mechanical Keyboard,3.0,523.69,GBP,2024/03/28
ORD002639,CUST0292,Laptop Pro 15,5.0,241.53,EUR,2025/01/28
ORD001422,CUST0259,USB-C Hub,1.0,1419.83,USD,01/09/2024
ORD002607,CUST0100,Webcam HD,3.0,1600.62,INR,26/10/2024
ORD000606,CUST0370,External SSD 1TB,1.0,1387.94,EUR,2025/03/31
ORD000845,CUST0164,Noise Cancelling Headphones,1.0,1510.51,USD,07-07-2024
ORD000386,CUST0242,Wireless Mouse,2.0,1753.85,USD,04/08/2024
ORD000074,CUST0085,Noise Cancelling Headphones,2.0,1157.53,AUD,2024-05-30
ORD001923,CUST0286,USB-C Hub,1.0,663.53,INR,2024-10-08
ORD000758,CUST0268,Wireless Mouse,1.0,1602.95,INR,01-16-2025
ORD000848,CUST0013,Standing Desk,1.0,391.26,USD,04-05-2025
ORD002811,CUST0214,27in Monitor,3.0,319.94,USD,2024/08/03
ORD002726,CUST0178,Mechanical Keyboard,1.0,932.81,USD,27/10/2024
ORD000055,CUST0179,Webcam HD,1.0,309.48,INR,09-24-2024
ORD000924,CUST0268,Wireless Mouse,1.0,1176.54,INR,2024/11/24
ORD002974,CUST0067,27in Monitor,,754.15,USD,2024-06-13
ORD002280,CUST0340,External SSD 1TB,5.0,1701.24,INR,30/05/2024
ORD000163,CUST0041,Wireless Mouse,2.0,1488.61,EUR,22/03/2024
ORD001548,CUST0134,Laptop Pro 15,5.0,1278.3,USD,2024-10-22
ORD000421,CUST0343,Office Chair,5.0,1297.03,EUR,2024-03-09
ORD001018,CUST0325,USB-C Hub,1.0,1613.01,GBP,2025/02/22
ORD002088,CUST0183,Laptop Pro 15,1.0,348.39,EUR,2025/01/23
ORD001553,CUST0059,USB-C Hub,3.0,855.58,USD,2024/08/31
ORD002879,CUST0194,27in Monitor,5.0,241.14,USD,2025/01/31
ORD002743,CUST0074,Standing Desk,,662.98,USD,15/03/2025
ORD002084,CUST0041,USB-C Hub,2.0,178.98,USD,04/08/2024
ORD000159,CUST0395,Office Chair,5.0,1268.34,USD,2024-07-28
ORD002923,CUST0258,Laptop Pro 15,3.0,643.22,EUR,2024-09-06
ORD001758,CUST0053,External SSD 1TB,1.0,1106.27,USD,2024-05-30
ORD002141,CUST0047,External SSD 1TB,2.0,618.46,USD,2024/04/01
ORD001972,CUST0226,Office Chair,1.0,1359.0,USD,01-31-2024
ORD001096,CUST0047,Noise Cancelling Headphones,1.0,258.51,EUR,11-22-2024
ORD000152,CUST0163,27in Monitor,2.0,262.78,EUR,03-31-2025
ORD001083,CUST0078,Mechanical Keyboard,2.0,1476.13,GBP,10-09-2024
ORD002109,CUST0092,USB-C Hub,5.0,1155.03,EUR,02/09/2024
ORD001500,CUST0354,Wireless Mouse,1.0,1254.6,EUR,2024-08-29
ORD002593,CUST0304,27in Monitor,1.0,511.92,USD,2025-01-22
ORD000781,CUST0324,Laptop Pro 15,1.0,1045.18,INR,02-11-2024
ORD000115,CUST0299,External SSD 1TB,2.0,1454.61,USD,11-24-2024
ORD000154,CUST0361,Office Chair,3.0,923.01,GBP,2024-12-02
ORD000180,CUST0081,Mechanical Keyboard,5.0,1783.99,USD,2025-01-18
ORD001265,CUST0279,27in Monitor,2.0,179.8,EUR,06/05/2025
ORD000360,CUST0340,USB-C Hub,3.0,1539.73,EUR,2025/03/08
ORD002062,CUST0063,Standing Desk,5.0,1153.1,USD,2024-03-18
ORD001230,CUST0017,Webcam HD,3.0,896.42,USD,2024-09-01
ORD000671,CUST0096,Mechanical Keyboard,3.0,685.47,USD,06-01-2024
ORD000886,CUST0314,27in Monitor,3.0,478.54,USD,01-15-2024
ORD002279,CUST0204,Webcam HD,2.0,1544.43,INR,2025/05/12
ORD000849,CUST0123,Office Chair,1.0,930.93,USD,05-14-2025
ORD002112,CUST0179,Laptop Pro 15,2.0,477.95,INR,2024/05/20
ORD002003,CUST0385,Office Chair,,714.04,GBP,2025/04/05
ORD002860,CUST0307,Mechanical Keyboard,1.0,1542.28,USD,2024-05-30
ORD001850,CUST0079,Wireless Mouse,1.0,58.19,USD,04-02-2024
ORD002476,CUST0015,External SSD 1TB,3.0,1770.05,EUR,2024/01/20
ORD002568,CUST0298,USB-C Hub,2.0,179.03,USD,2025-02-22
ORD002301,CUST0088,Mechanical Keyboard,2.0,1389.54,INR,2024/01/28
ORD002429,CUST0295,Standing Desk,2.0,520.5,USD,2024-08-04
ORD001802,CUST0357,USB-C Hub,2.0,944.55,USD,07-13-2024
ORD001704,CUST0173,Office Chair,2.0,254.28,USD,03-31-2024
ORD002336,CUST0062,External SSD 1TB,1.0,1253.32,EUR,03-21-2024
ORD002293,CUST0053,27in Monitor,2.0,208.28,EUR,2025-01-21
ORD002480,CUST0278,Wireless Mouse,2.0,523.66,EUR,2024-08-18
ORD001624,CUST0292,Noise Cancelling Headphones,1.0,761.02,USD,2024-09-29
ORD002242,CUST0177,External SSD 1TB,1.0,109.0,GBP,30/07/2024
ORD001136,CUST0204,Mechanical Keyboard,2.0,1526.55,USD,24/10/2024
ORD001905,CUST0170,Standing Desk,2.0,1558.73,INR,12/05/2024
ORD002772,CUST0006,Standing Desk,1.0,1603.27,INR,01-22-2025
ORD001494,CUST0209,Laptop Pro 15,1.0,1541.77,AUD,2025-05-10
ORD002679,CUST0396,Standing Desk,2.0,1088.52,AUD,08-08-2024
ORD000541,CUST0063,Wireless Mouse,3.0,822.1,AUD,2024-09-13
ORD002814,CUST0334,Office Chair,3.0,0.0,GBP,28/12/2024
ORD001560,CUST0234,Noise Cancelling Headphones,2.0,336.27,USD,05-05-2025
ORD000189,CUST0165,Standing Desk,5.0,1354.72,USD,06/05/2024
ORD002318,CUST0379,USB-C Hub,3.0,679.98,USD,2024/06/27
ORD001859,CUST0111,27in Monitor,1.0,1179.04,USD,2024/08/27
ORD002013,CUST0095,Webcam HD,1.0,228.3,EUR,2024-09-06
ORD002959,CUST0278,Wireless Mouse,1.0,1710.73,USD,2024/11/10
ORD001451,CUST0297,27in Monitor,1.0,1454.64,EUR,2025/03/05
ORD002887,CUST0274,Noise Cancelling Headphones,1.0,1282.69,USD,05-02-2024
ORD002021,CUST0027,Laptop Pro 15,1.0,298.05,USD,2024-01-09
ORD002265,CUST0392,Laptop Pro 15,1.0,835.95,USD,07-25-2024
ORD002904,CUST0346,Mechanical Keyboard,2.0,1120.76,GBP,2025/02/23
ORD001129,CUST0162,Noise Cancelling Headphones,1.0,1392.16,USD,08/07/2024
ORD000371,CUST0017,Office Chair,1.0,94.59,USD,2025-04-05
ORD002746,CUST0388,27in Monitor,1.0,293.34,INR,09-17-2024
ORD000225,CUST0093,Wireless Mouse,2.0,243.75,USD,2025/03/26
ORD000497,CUST0132,External SSD 1TB,2.0,791.33,USD,17/12/2024
ORD002935,CUST0323,Noise Cancelling Headphones,1.0,1400.36,GBP,04-20-2025
ORD001960,CUST0165,Noise Cancelling Headphones,3.0,0.0,USD,03/09/2024
ORD000359,CUST0087,Standing Desk,5.0,938.41,GBP,2025/01/14
ORD002058,CUST0295,Laptop Pro 15,1.0,1624.3,GBP,2025-04-15
ORD002687,CUST0269,Mechanical Keyboard,2.0,499.13,EUR,06-13-2024
ORD001537,CUST0001,Webcam HD,2.0,1178.32,USD,2024-04-10
ORD000102,CUST0125,27in Monitor,3.0,1681.06,INR,2024/08/13
ORD000790,CUST0351,Office Chair,2.0,1650.2,INR,2024/10/04
ORD000297,CUST0075,Laptop Pro 15,5.0,1756.31,EUR,2024/04/07
ORD001266,CUST0363,Mechanical Keyboard,3.0,1733.02,USD,06/12/2024
ORD001502,CUST0280,Standing Desk,1.0,1498.89,USD,2025/05/01
ORD002838,CUST0087,27in Monitor,2.0,1692.11,AUD,2025/03/10
ORD002992,CUST0043,Office Chair,5.0,691.76,INR,2024-08-11
ORD002465,CUST0160,Webcam HD,5.0,1552.17,USD,2024-10-26
ORD001493,CUST0093,Mechanical Keyboard,5.0,673.97,USD,04-25-2024
ORD002172,CUST0336,Laptop Pro 15,1.0,166.74,USD,11-11-2024
ORD002281,CUST0388,Laptop Pro 15,1.0,772.75,USD,05-18-2024
ORD000385,CUST0088,Wireless Mouse,2.0,1029.96,INR,2024-03-27
ORD000535,CUST0271,Wireless Mouse,2.0,187.47,INR,2024-09-21
ORD001535,CUST0220,Standing Desk,5.0,399.47,EUR,05/10/2024
ORD000582,CUST0219,Mechanical Keyboard,1.0,730.91,GBP,2025-01-08
ORD002408,CUST0091,27in Monitor,1.0,434.67,GBP,2024-12-15
ORD002834,CUST0312,Laptop Pro 15,2.0,553.03,INR,04-01-2024
ORD000262,CUST0394,Webcam HD,1.0,307.99,EUR,05-29-2024
ORD000245,CUST0299,Office Chair,1.0,361.3,GBP,2024/01/22
ORD002122,CUST0290,Laptop Pro 15,3.0,1637.55,EUR,2024-11-21
ORD001516,CUST0028,Mechanical Keyboard,2.0,1310.64,USD,05-11-2025
ORD002035,CUST0268,27in Monitor,1.0,112.96,GBP,2024/06/15
ORD001327,CUST0306,Standing Desk,5.0,206.21,INR,2024/10/19
ORD002292,CUST0218,External SSD 1TB,2.0,1063.76,GBP,2024/03/27
ORD002906,CUST0113,27in Monitor,2.0,93.01,EUR,03-29-2024
ORD002810,CUST0297,Laptop Pro 15,2.0,1362.75,USD,2024-08-05
ORD001488,CUST0326,27in Monitor,5.0,1292.05,INR,10-02-2024
ORD001361,CUST0347,Standing Desk,2.0,338.93,USD,2025/04/21
ORD001001,CUST0283,USB-C Hub,1.0,0.0,EUR,24/08/2024
ORD002313,CUST0373,USB-C Hub,3.0,796.51,INR,2024-04-19
ORD000514,CUST0016,Laptop Pro 15,1.0,1444.59,USD,02-03-2024
ORD000149,CUST0360,Standing Desk,2.0,449.04,INR,2024/08/12
ORD002373,CUST0218,Laptop Pro 15,2.0,1280.2,GBP,27/01/2024
ORD002957,CUST0291,27in Monitor,5.0,265.31,INR,11-30-2024
ORD000118,CUST0163,Laptop Pro 15,1.0,767.81,USD,23/01/2025
ORD000167,CUST0373,Wireless Mouse,5.0,1371.48,USD,2025-02-04
ORD002335,CUST0117,Office Chair,2.0,479.02,EUR,2025-03-29
ORD000705,CUST0289,Standing Desk,5.0,918.1,USD,2025/05/01
ORD002073,CUST0390,Standing Desk,3.0,879.07,INR,2025-02-20
ORD002897,CUST0021,Office Chair,5.0,392.0,AUD,05/01/2025
ORD002315,CUST0077,External SSD 1TB,1.0,974.3,GBP,07/08/2024
ORD000614,CUST0001,Office Chair,1.0,680.99,USD,18/02/2025
ORD002316,CUST0174,Wireless Mouse,5.0,1553.54,USD,2024/07/04
ORD001127,CUST0295,USB-C Hub,2.0,113.31,INR,22/07/2024
ORD001248,CUST0223,USB-C Hub,1.0,928.5,GBP,08/03/2025
ORD001041,CUST0010,Noise Cancelling Headphones,2.0,1401.1,USD,2025/03/20
ORD002334,CUST0321,External SSD 1TB,1.0,1120.51,GBP,2025/02/16
ORD001268,CUST0382,Wireless Mouse,2.0,139.21,USD,15/03/2025
ORD000445,CUST0177,External SSD 1TB,1.0,1038.38,USD,2024-01-22
ORD001079,CUST0338,Mechanical Keyboard,2.0,273.92,AUD,02-19-2024
ORD000675,CUST0056,USB-C Hub,2.0,629.04,USD,2025/01/05
ORD000676,CUST0272,Wireless Mouse,-1.0,1736.37,AUD,19/02/2024
ORD000409,CUST0238,Noise Cancelling Headphones,2.0,1561.64,USD,04/12/2024
ORD000996,CUST0360,Wireless Mouse,5.0,1294.51,EUR,2024-07-09
ORD001676,CUST0352,USB-C Hub,1.0,1517.88,GBP,2024-03-07
ORD001797,CUST0034,Webcam HD,2.0,313.4,INR,06-17-2024
ORD000683,CUST0193,Standing Desk,3.0,1218.74,INR,04-24-2025
ORD001383,CUST0096,Standing Desk,1.0,989.21,AUD,2024-02-09
ORD000339,CUST0379,Standing Desk,2.0,0.0,USD,2024-02-07
ORD001636,CUST0141,USB-C Hub,2.0,589.74,INR,2024-07-04
ORD000156,CUST0240,Noise Cancelling Headphones,1.0,1118.94,AUD,30/01/2024
ORD002377,CUST0231,External SSD 1TB,,1787.25,EUR,03-11-2025
ORD002278,CUST0077,Wireless Mouse,3.0,417.97,USD,09-05-2024
ORD001596,CUST0201,USB-C Hub,1.0,16.98,GBP,26/11/2024
ORD000145,CUST0070,Office Chair,1.0,1306.39,AUD,2024-08-19
ORD001390,CUST0318,27in Monitor,2.0,963.64,EUR,08/07/2024
ORD000550,CUST0226,27in Monitor,3.0,96.81,USD,2024-07-09
ORD000516,CUST0112,Standing Desk,2.0,890.39,USD,19/11/2024
ORD001238,CUST0116,Standing Desk,2.0,350.6,USD,2024/10/02
ORD000525,CUST0201,External SSD 1TB,1.0,518.82,GBP,01-29-2024
ORD000020,CUST0088,Webcam HD,3.0,1190.87,USD,2024-09-19
ORD000106,CUST0272,USB-C Hub,2.0,672.61,GBP,2024-03-30
ORD002978,CUST0060,Laptop Pro 15,5.0,1117.94,GBP,2025-03-02
ORD002149,CUST0220,Mechanical Keyboard,5.0,61.09,AUD,2025-04-12
ORD002042,CUST0343,Office Chair,1.0,1161.26,GBP,2025/03/24
ORD000150,CUST0365,27in Monitor,2.0,961.56,AUD,2024-06-09
ORD002975,CUST0145,Standing Desk,1.0,822.4,USD,07-07-2024
ORD002655,CUST0233,External SSD 1TB,1.0,1436.2,USD,2025-01-14
ORD001052,CUST0370,USB-C Hub,3.0,88.8,USD,18/02/2025
ORD001069,CUST0180,Webcam HD,1.0,1703.62,USD,14/04/2025
ORD000774,CUST0177,Mechanical Keyboard,5.0,596.79,EUR,2024/08/13
ORD001781,CUST0179,Webcam HD,1.0,507.44,GBP,2024-05-23
ORD000918,CUST0327,USB-C Hub,2.0,1750.23,USD,11-16-2024
ORD001813,CUST0118,Wireless Mouse,5.0,131.6,INR,04-03-2025
ORD002362,CUST0400,Mechanical Keyboard,5.0,583.42,USD,31/08/2024
ORD000904,CUST0123,Office Chair,2.0,1479.36,EUR,2024/01/05
ORD002653,CUST0161,USB-C Hub,1.0,176.89,USD,2024/12/13
ORD001404,CUST0254,Noise Cancelling Headphones,5.0,1423.43,EUR,2025/01/07
ORD001901,CUST0065,Mechanical Keyboard,2.0,1187.14,USD,2024/10/26
ORD000064,CUST0146,Laptop Pro 15,1.0,1233.05,EUR,2024-03-08
ORD000435,CUST0213,Mechanical Keyboard,2.0,663.52,USD,11-19-2024
ORD001922,CUST0205,Laptop Pro 15,2.0,1445.52,AUD,2024-05-31
ORD002342,CUST0095,Webcam HD,1.0,,GBP,16/04/2024
ORD000162,CUST0060,USB-C Hub,1.0,1523.62,USD,2024/05/28
ORD000831,CUST0270,Office Chair,1.0,1422.51,EUR,2024-11-25
ORD000307,CUST0062,27in Monitor,1.0,883.86,USD,2024/11/19
ORD000701,CUST0050,Webcam HD,5.0,1120.44,AUD,02-08-2024
ORD000619,CUST0193,Laptop Pro 15,3.0,1693.41,AUD,2025/04/14
ORD001605,CUST0379,Office Chair,1.0,629.3,GBP,2025-03-17
ORD002921,CUST0171,Noise Cancelling Headphones,5.0,1456.32,GBP,2024-10-05
ORD000011,CUST0022,Standing Desk,2.0,477.56,EUR,13/01/2024
ORD001026,CUST0239,Mechanical Keyboard,2.0,415.71,USD,16/04/2025
ORD002512,CUST0387,Office Chair,1.0,726.58,AUD,07/03/2024
ORD001200,CUST0140,Office Chair,1.0,268.66,USD,2024-05-30
ORD000624,CUST0233,Standing Desk,2.0,224.67,USD,03-10-2025
ORD002902,CUST0341,Office Chair,2.0,1597.58,USD,05-24-2024
ORD001684,CUST0068,Wireless Mouse,1.0,945.3,USD,04-07-2024
ORD001270,CUST0173,USB-C Hub,2.0,57.43,EUR,07-19-2024
ORD000875,CUST0277,Noise Cancelling Headphones,,396.97,USD,2024/10/13
ORD002474,CUST0045,Mechanical Keyboard,1.0,619.54,EUR,2024/03/13
ORD002018,CUST0110,Webcam HD,2.0,932.09,USD,2025/04/01
ORD000956,CUST0251,Noise Cancelling Headphones,5.0,156.19,USD,2025/03/04
ORD002356,CUST0010,Noise Cancelling Headphones,1.0,1178.95,GBP,2024/11/01
ORD002158,CUST0047,External SSD 1TB,1.0,1169.34,USD,04/12/2024
ORD001291,CUST0085,Standing Desk,1.0,832.42,GBP,05-03-2024
ORD001359,CUST0130,External SSD 1TB,2.0,815.02,EUR,02-12-2025
ORD000076,CUST0344,Office Chair,,1286.54,INR,06-04-2024
ORD002359,CUST0337,Standing Desk,5.0,455.58,EUR,12/02/2024
ORD002289,CUST0331,Webcam HD,2.0,1418.33,USD,2025/01/15
ORD001091,CUST0390,27in Monitor,2.0,648.57,USD,03/05/2025
ORD002240,CUST0366,External SSD 1TB,2.0,563.18,USD,2025/02/01
ORD002662,CUST0065,Office Chair,2.0,302.24,EUR,05-12-2024
ORD000749,CUST0189,Standing Desk,3.0,1501.87,GBP,06-02-2024
ORD002197,CUST0248,Office Chair,1.0,1332.9,EUR,12/09/2024
ORD001836,CUST0281,External SSD 1TB,1.0,608.53,USD,2024-02-22
ORD000665,CUST0051,Office Chair,1.0,1404.28,USD,2024/11/23
ORD000057,CUST0196,27in Monitor,1.0,1589.04,USD,2024/09/15
ORD001350,CUST0099,Laptop Pro 15,5.0,1341.09,AUD,11-15-2024
ORD000810,CUST0346,Mechanical Keyboard,1.0,851.14,EUR,12/07/2024
ORD002478,CUST0227,Noise Cancelling Headphones,2.0,1783.05,USD,03-03-2025
ORD000068,CUST0166,External SSD 1TB,3.0,1512.25,AUD,04-15-2025
ORD002051,CUST0375,External SSD 1TB,2.0,1287.68,GBP,2025/01/06
ORD001465,CUST0256,Noise Cancelling Headphones,2.0,178.01,USD,2024-11-25
ORD002680,CUST0048,Laptop Pro 15,2.0,1142.7,GBP,2024-03-11
ORD002079,CUST0011,Mechanical Keyboard,-1.0,1506.06,EUR,2025-03-15
ORD001396,CUST0047,Noise Cancelling Headphones,,867.74,AUD,2024-10-16
ORD000513,CUST0276,Webcam HD,5.0,154.35,INR,2025/03/04
ORD002113,CUST0386,Laptop Pro 15,5.0,1532.57,USD,04-13-2024
ORD002741,CUST0160,USB-C Hub,2.0,,GBP,2024/02/06
ORD000536,CUST0110,Wireless Mouse,3.0,398.4,USD,09-27-2024
ORD000704,CUST0243,USB-C Hub,2.0,557.37,USD,2024-10-26
ORD001143,CUST0172,Standing Desk,1.0,75.07,USD,2024-10-22
ORD000258,CUST0264,Mechanical Keyboard,2.0,56.17,USD,10/05/2025
ORD001877,CUST0119,Laptop Pro 15,1.0,1638.24,USD,2024/12/20
ORD002840,CUST0181,Wireless Mouse,1.0,839.72,EUR,2024/06/10
ORD001598,CUST0295,Wireless Mouse,1.0,955.69,GBP,2024/01/21
ORD000306,CUST0286,Wireless Mouse,1.0,928.46,USD,2024-01-19
ORD000308,CUST0042,Laptop Pro 15,1.0,1428.05,USD,20/11/2024
ORD001823,CUST0080,External SSD 1TB,2.0,1750.05,EUR,2024-02-26
ORD001274,CUST0204,Webcam HD,1.0,211.33,GBP,2024-05-14
ORD000691,CUST0213,External SSD 1TB,3.0,1429.87,USD,2024-03-13
ORD002215,CUST0253,External SSD 1TB,3.0,0.0,INR,09-02-2024
ORD001378,CUST0180,Standing Desk,1.0,1271.98,INR,04-04-2025
ORD002939,CUST0070,External SSD 1TB,2.0,122.62,USD,2025-03-21
ORD002390,CUST0162,27in Monitor,5.0,868.23,USD,2024/05/24
ORD000934,CUST0134,Office Chair,1.0,622.29,GBP,12-25-2024
ORD002024,CUST0289,Wireless Mouse,1.0,804.56,AUD,02-27-2025
ORD002720,CUST0243,External SSD 1TB,2.0,859.91,USD,2024/09/03
ORD000558,CUST0091,Laptop Pro 15,5.0,,INR,2025-01-25
ORD001467,CUST0088,27in Monitor,,222.8,USD,2024-03-05
ORD000234,CUST0278,Wireless Mouse,1.0,1624.95,USD,12-12-2024
ORD000523,CUST0082,Wireless Mouse,2.0,466.12,USD,2025-04-08
ORD002938,CUST0253,27in Monitor,1.0,861.37,EUR,2024/03/29
ORD002277,CUST0210,Standing Desk,2.0,241.87,USD,2025-01-25
ORD000338,CUST0250,Standing Desk,2.0,986.55,USD,01-22-2025
ORD000557,CUST0280,Webcam HD,,1777.8,EUR,10-08-2024
ORD001725,CUST0079,Noise Cancelling Headphones,1.0,1630.99,USD,10-14-2024
ORD000038,CUST0261,Standing Desk,3.0,820.18,USD,05-29-2024
ORD002425,CUST0133,Mechanical Keyboard,1.0,1365.68,AUD,22/10/2024
ORD002348,CUST0281,Standing Desk,3.0,1501.72,GBP,2024/12/25
ORD002548,CUST0028,27in Monitor,1.0,732.03,USD,01-19-2024
ORD000251,CUST0120,Noise Cancelling Headphones,5.0,1564.46,USD,03-22-2024
ORD002164,CUST0039,External SSD 1TB,1.0,680.95,EUR,2024/09/13
ORD001320,CUST0204,Webcam HD,3.0,261.81,AUD,05-15-2024
ORD001179,CUST0048,Office Chair,5.0,0.0,USD,2024/11/26
ORD001205,CUST0005,Webcam HD,1.0,874.03,USD,2024/11/19
ORD000230,CUST0135,Office Chair,3.0,780.82,INR,04-22-2024
ORD001929,CUST0285,Mechanical Keyboard,2.0,1299.99,GBP,13/03/2024
ORD001549,CUST0396,Laptop Pro 15,1.0,1792.68,USD,2025/01/30
ORD002859,CUST0114,Noise Cancelling Headphones,5.0,1075.73,AUD,04-22-2024
ORD002324,CUST0193,External SSD 1TB,5.0,890.93,AUD,2024-10-27
ORD001861,CUST0096,Laptop Pro 15,-1.0,867.1,GBP,06/02/2024
ORD001571,CUST0271,Webcam HD,1.0,529.35,GBP,24/05/2024
ORD002847,CUST0179,Office Chair,3.0,1009.0,GBP,08/02/2024
ORD000313,CUST0020,Mechanical Keyboard,1.0,1563.75,AUD,23/04/2025
ORD001650,CUST0260,USB-C Hub,2.0,1527.58,INR,03-28-2024
ORD002728,CUST0347,Webcam HD,2.0,1482.61,EUR,2025-05-11
ORD001810,CUST0066,Office Chair,1.0,342.63,USD,2024/10/04
ORD000056,CUST0291,Laptop Pro 15,1.0,92.06,AUD,2024-11-26
ORD000268,CUST0032,Mechanical Keyboard,1.0,826.35,GBP,05-05-2024
ORD001267,CUST0330,External SSD 1TB,1.0,117.65,EUR,2024-03-27
ORD000059,CUST0125,External SSD 1TB,1.0,398.4,INR,06-07-2024
ORD000393,CUST0322,Webcam HD,5.0,1446.31,USD,2025/02/01
ORD002294,CUST0182,Office Chair,3.0,1285.83,INR,10-13-2024
ORD001037,CUST0123,USB-C Hub,2.0,648.23,USD,2024/11/24
ORD002286,CUST0311,Wireless Mouse,1.0,636.33,INR,10-26-2024
ORD000353,CUST0356,Webcam HD,2.0,352.83,USD,2025-04-26
ORD000847,CUST0020,Mechanical Keyboard,1.0,1784.67,USD,2024-02-26
ORD002155,CUST0134,Webcam HD,1.0,351.65,USD,09-13-2024
ORD000663,CUST0381,Office Chair,3.0,112.52,EUR,02-21-2025
ORD000334,CUST0371,Laptop Pro 15,3.0,1360.46,EUR,2024/12/28
ORD002463,CUST0013,Webcam HD,1.0,817.92,USD,07-22-2024
ORD001049,CUST0140,Office Chair,1.0,733.47,USD,04-30-2024
ORD001654,CUST0390,27in Monitor,2.0,682.53,EUR,2025-02-24
ORD001156,CUST0377,Office Chair,1.0,675.66,GBP,07/05/2025
ORD000885,CUST0205,27in Monitor,1.0,872.12,USD,2025/02/08
ORD001484,CUST0103,USB-C Hub,1.0,1092.85,USD,2024-09-13
ORD000899,CUST0197,Wireless Mouse,1.0,1065.05,USD,10-10-2024
ORD000505,CUST0387,USB-C Hub,5.0,1211.05,GBP,2024-10-30
ORD000216,CUST0321,External SSD 1TB,1.0,1767.48,AUD,11-15-2024
ORD001916,CUST0081,External SSD 1TB,,601.42,USD,2024-04-05
ORD001244,CUST0392,Laptop Pro 15,3.0,1219.95,INR,04-07-2025
ORD001276,CUST0339,Webcam HD,5.0,61.02,INR,08-13-2024
ORD002544,CUST0193,Webcam HD,1.0,137.91,USD,03-06-2024
ORD002738,CUST0133,Webcam HD,5.0,1789.59,USD,2025-05-12
ORD000660,CUST0266,27in Monitor,2.0,40.62,AUD,2024/12/26
ORD002981,CUST0155,Laptop Pro 15,2.0,817.18,USD,2024-06-07
ORD001964,CUST0157,Wireless Mouse,1.0,127.42,USD,2024-02-26
ORD002345,CUST0134,27in Monitor,1.0,336.31,USD,23/02/2024
ORD000853,CUST0013,Office Chair,1.0,663.73,INR,2024/12/24
ORD000537,CUST0271,Mechanical Keyboard,1.0,1459.88,GBP,2024-10-28
ORD000489,CUST0164,Wireless Mouse,5.0,1673.06,EUR,2024/03/26
ORD002629,CUST0002,Noise Cancelling Headphones,1.0,449.59,EUR,2024/01/23
ORD002133,CUST0252,27in Monitor,2.0,1270.36,USD,2024/05/02
ORD002517,CUST0105,Standing Desk,5.0,,AUD,2024/06/08
ORD000767,CUST0155,Mechanical Keyboard,3.0,1168.18,USD,21/11/2024
ORD001538,CUST0105,Mechanical Keyboard,1.0,382.72,INR,07-09-2024
ORD001852,CUST0238,Standing Desk,2.0,684.89,EUR,31/12/2024
ORD000264,CUST0077,External SSD 1TB,1.0,511.32,EUR,2024-09-14
ORD002236,CUST0178,Standing Desk,2.0,399.25,INR,27/09/2024
ORD002297,CUST0171,Wireless Mouse,1.0,1153.12,EUR,2024-08-18
ORD000629,CUST0209,External SSD 1TB,1.0,578.61,USD,2024/02/16
ORD002911,CUST0123,Wireless Mouse,2.0,812.39,GBP,03-31-2025
ORD001463,CUST0237,External SSD 1TB,2.0,818.04,INR,2025-01-25
ORD001036,CUST0180,USB-C Hub,2.0,1376.26,INR,06-04-2024
ORD002163,CUST0381,Noise Cancelling Headphones,1.0,182.82,EUR,19/04/2025
ORD000756,CUST0305,Office Chair,1.0,0.0,INR,28/02/2024
ORD001984,CUST0374,Webcam HD,2.0,1307.44,USD,04-02-2025
ORD000327,CUST0160,Laptop Pro 15,2.0,354.46,INR,2024/06/24
ORD002862,CUST0097,External SSD 1TB,1.0,1772.42,INR,2024-06-27
ORD000547,CUST0035,USB-C Hub,3.0,1468.68,USD,2024/02/04
ORD001120,CUST0001,27in Monitor,3.0,1572.78,USD,2024-05-28
ORD001855,CUST0154,Office Chair,3.0,1242.11,USD,2024-06-03
ORD002143,CUST0334,27in Monitor,1.0,1150.82,USD,21/06/2024
ORD000966,CUST0068,Standing Desk,1.0,1541.85,USD,27/12/2024
ORD002026,CUST0278,Office Chair,5.0,1553.28,INR,10/11/2024
ORD000366,CUST0321,Laptop Pro 15,5.0,745.0,INR,2024-08-02
ORD000103,CUST0052,Laptop Pro 15,1.0,244.25,USD,2025-03-01
ORD001286,CUST0177,External SSD 1TB,3.0,1208.81,EUR,06/06/2024
ORD001415,CUST0154,USB-C Hub,5.0,624.18,USD,08/06/2024
ORD001147,CUST0236,External SSD 1TB,5.0,282.41,USD,2024/05/15
ORD002941,CUST0069,Wireless Mouse,1.0,128.72,AUD,06-11-2024
ORD001697,CUST0265,Office Chair,1.0,741.47,INR,2024-11-12
ORD000093,CUST0006,Laptop Pro 15,5.0,279.48,USD,05-02-2025
ORD001805,CUST0191,Office Chair,-1.0,875.99,GBP,2024-06-04
ORD002389,CUST0377,Webcam HD,2.0,1709.58,INR,09/12/2024
ORD002700,CUST0071,27in Monitor,1.0,985.84,AUD,04/06/2024
ORD002249,,Webcam HD,3.0,160.87,USD,01-29-2024
ORD000100,CUST0122,Wireless Mouse,2.0,1676.42,EUR,03-19-2025
ORD000323,CUST0342,Noise Cancelling Headphones,2.0,876.66,USD,10-14-2024
ORD000637,CUST0297,27in Monitor,1.0,1182.21,INR,2024/02/27
ORD000905,CUST0383,Laptop Pro 15,2.0,1104.85,EUR,2024/07/21
ORD001038,CUST0107,External SSD 1TB,1.0,1597.51,USD,2025/03/03
ORD001718,CUST0110,Office Chair,1.0,1726.48,USD,2024-04-04
ORD000259,CUST0085,External SSD 1TB,1.0,1100.13,USD,05-17-2024
ORD002381,CUST0009,Standing Desk,1.0,1607.93,USD,04-27-2025
ORD002171,CUST0313,Standing Desk,2.0,972.82,USD,2024-07-12
ORD001118,CUST0069,Wireless Mouse,1.0,1327.94,USD,2025-01-18
ORD000555,CUST0100,Office Chair,1.0,717.24,USD,2024/12/24
ORD000694,CUST0338,External SSD 1TB,5.0,387.35,USD,02/05/2024
ORD002449,CUST0007,Office Chair,2.0,726.08,EUR,02/06/2024
ORD001325,,Office Chair,1.0,1138.83,EUR,08-07-2024
ORD001567,CUST0297,Office Chair,2.0,1263.03,USD,15/01/2024
ORD002949,CUST0161,Webcam HD,2.0,453.77,EUR,19/02/2024
ORD001496,CUST0259,Laptop Pro 15,3.0,76.87,AUD,02-05-2025
ORD002486,CUST0338,Laptop Pro 15,5.0,1669.81,INR,2024/12/12
ORD002123,CUST0190,Wireless Mouse,2.0,1423.68,USD,2024/12/02
ORD001677,CUST0338,Office Chair,1.0,382.71,USD,07-26-2024
ORD001562,CUST0362,External SSD 1TB,2.0,530.09,EUR,08/01/2024
ORD002457,CUST0128,Noise Cancelling Headphones,1.0,865.14,INR,04-13-2024
ORD000138,CUST0059,External SSD 1TB,3.0,120.67,INR,2025/03/29
ORD002622,CUST0140,Noise Cancelling Headphones,3.0,599.62,AUD,2024-11-22
ORD000507,CUST0216,Webcam HD,1.0,1654.53,AUD,2025/02/23
ORD001187,CUST0302,External SSD 1TB,3.0,1461.83,AUD,2024/06/19
ORD000761,CUST0173,Webcam HD,3.0,1670.69,USD,2024-09-22
ORD002128,CUST0388,Mechanical Keyboard,5.0,1597.75,AUD,03-01-2025
ORD001016,CUST0030,27in Monitor,1.0,610.24,INR,2024/09/27
ORD002351,CUST0042,Laptop Pro 15,2.0,416.53,USD,2025/03/06
ORD002863,CUST0043,External SSD 1TB,5.0,961.44,INR,2024/03/24
ORD001815,CUST0091,External SSD 1TB,2.0,229.76,USD,29/09/2024
ORD001444,CUST0104,USB-C Hub,5.0,814.68,USD,2024-08-18
ORD001988,CUST0200,Noise Cancelling Headphones,2.0,1272.06,GBP,11/05/2024
ORD001957,CUST0271,Noise Cancelling Headphones,3.0,287.01,INR,2024-06-13
ORD000726,CUST0362,Noise Cancelling Headphones,1.0,1374.76,INR,2024/10/26
ORD000495,CUST0399,USB-C Hub,3.0,1466.05,AUD,12-18-2024
ORD002899,CUST0388,Noise Cancelling Headphones,2.0,336.05,USD,2024/07/27
ORD001892,CUST0009,27in Monitor,2.0,1123.88,EUR,08/01/2024
ORD002645,CUST0171,USB-C Hub,2.0,978.7,INR,11-02-2024
ORD001777,CUST0083,Office Chair,1.0,1045.95,GBP,18/05/2024
ORD002705,CUST0225,Noise Cancelling Headphones,5.0,720.31,USD,04/04/2024
ORD001775,CUST0253,External SSD 1TB,3.0,1784.53,EUR,08/05/2025
ORD001944,CUST0079,Laptop Pro 15,2.0,694.74,EUR,05-04-2024
ORD002248,CUST0269,Standing Desk,1.0,1505.85,USD,2024/06/12
ORD002621,CUST0174,Noise Cancelling Headphones,3.0,1402.79,USD,2024-10-28
ORD002453,CUST0061,Mechanical Keyboard,1.0,1192.37,AUD,2024/03/27
ORD001283,CUST0062,Office Chair,2.0,70.89,EUR,01-21-2025
ORD001699,CUST0360,27in Monitor,5.0,1410.99,GBP,2024/02/02
ORD001249,CUST0294,Office Chair,3.0,1165.87,USD,10-25-2024
ORD002011,CUST0106,External SSD 1TB,3.0,670.99,USD,03-25-2025
ORD001707,CUST0221,Webcam HD,3.0,845.93,GBP,2025-05-12
ORD000008,CUST0093,Standing Desk,1.0,507.75,EUR,2024/03/08
ORD001425,CUST0028,27in Monitor,2.0,1325.1,GBP,2024-02-25
ORD001430,,External SSD 1TB,3.0,821.56,USD,24/02/2024
ORD000139,CUST0157,27in Monitor,1.0,1467.87,USD,2024-01-30
ORD001738,CUST0276,Standing Desk,1.0,108.0,EUR,12/02/2025
ORD002127,CUST0227,External SSD 1TB,3.0,87.13,USD,27/04/2024
ORD002065,CUST0142,27in Monitor,2.0,633.99,EUR,02-23-2024
ORD001554,CUST0068,Mechanical Keyboard,2.0,1761.47,AUD,2024/08/13
ORD001151,CUST0119,Laptop Pro 15,2.0,0.0,USD,2024-01-05
ORD002510,CUST0042,USB-C Hub,2.0,425.12,USD,2024/02/17
ORD000739,CUST0196,Wireless Mouse,2.0,20.02,USD,2024-02-01
ORD001089,CUST0039,Wireless Mouse,2.0,1544.49,GBP,2024/06/20
ORD000784,CUST0287,Wireless Mouse,3.0,466.53,EUR,2025/02/17
ORD002789,CUST0181,Laptop Pro 15,3.0,153.23,AUD,09/03/2024
ORD000754,CUST0369,USB-C Hub,2.0,287.94,GBP,11-07-2024
ORD001324,CUST0137,External SSD 1TB,3.0,200.43,USD,2024-12-10
ORD002232,CUST0239,External SSD 1TB,3.0,82.55,USD,04-25-2024
ORD000464,CUST0302,Standing Desk,1.0,206.15,EUR,03-03-2025
ORD000463,CUST0347,USB-C Hub,5.0,1766.16,INR,2024/03/21
ORD000990,CUST0284,External SSD 1TB,5.0,1353.01,EUR,25/12/2024
ORD000794,CUST0316,USB-C Hub,2.0,733.2,EUR,25/05/2024
ORD001103,CUST0209,Standing Desk,5.0,904.02,EUR,2024-10-09
ORD000682,CUST0099,Laptop Pro 15,5.0,172.77,USD,24/09/2024
ORD000728,CUST0072,Webcam HD,3.0,754.97,GBP,2024-05-20
ORD002986,CUST0200,Mechanical Keyboard,1.0,1386.01,USD,27/02/2024
ORD000748,CUST0237,Standing Desk,1.0,1626.74,USD,2024-05-31
ORD001785,CUST0268,Standing Desk,1.0,954.03,AUD,2024/05/17
ORD001569,CUST0385,External SSD 1TB,2.0,1498.76,EUR,14/01/2025
ORD001714,CUST0071,Wireless Mouse,3.0,1438.48,EUR,03/01/2024
ORD002268,CUST0332,USB-C Hub,1.0,1513.33,USD,2024/12/29
ORD001982,CUST0185,Office Chair,3.0,1053.69,AUD,2024-11-07
ORD000707,CUST0208,Laptop Pro 15,5.0,1241.02,INR,2025/04/28
ORD002783,CUST0190,27in Monitor,2.0,1432.17,USD,09-26-2024
ORD000891,CUST0189,Webcam HD,2.0,823.48,USD,10-12-2024
ORD001406,CUST0291,Wireless Mouse,1.0,913.34,INR,2024-12-08
ORD001661,CUST0026,Office Chair,1.0,116.02,USD,2024/02/25
ORD000429,CUST0200,Wireless Mouse,3.0,209.2,EUR,08/01/2024
ORD000616,CUST0077,Wireless Mouse,5.0,1407.85,USD,2025/01/02
ORD000571,CUST0227,Mechanical Keyboard,5.0,1513.69,USD,11/10/2024
ORD001568,CUST0351,Mechanical Keyboard,5.0,838.06,GBP,04-02-2025
ORD001672,CUST0021,Wireless Mouse,2.0,1326.85,EUR,04/06/2024
ORD001435,CUST0212,USB-C Hub,2.0,98.83,GBP,2025-04-16
ORD000051,CUST0314,Laptop Pro 15,2.0,1291.6,USD,11-18-2024
ORD000127,CUST0363,Noise Cancelling Headphones,1.0,455.83,USD,2024/03/15
ORD002592,CUST0137,Office Chair,1.0,390.37,GBP,2024/11/01
ORD001744,CUST0093,27in Monitor,,1412.02,USD,2024-08-22
ORD001057,CUST0030,External SSD 1TB,2.0,1695.99,USD,04/05/2024
ORD000177,CUST0182,Noise Cancelling Headphones,5.0,1413.05,USD,03-08-2024
ORD000213,CUST0119,Webcam HD,3.0,404.62,EUR,26/06/2024
ORD000808,CUST0224,Wireless Mouse,5.0,945.76,USD,04/04/2025
ORD001235,CUST0184,27in Monitor,1.0,1293.02,INR,05-14-2024
ORD000442,CUST0093,Wireless Mouse,2.0,497.38,AUD,2025-05-05
ORD000358,CUST0021,Laptop Pro 15,2.0,866.87,EUR,2024-07-30
ORD001064,CUST0392,Standing Desk,2.0,766.0,USD,2024-03-19
ORD001337,CUST0059,27in Monitor,1.0,1664.77,EUR,2024/10/24
ORD002575,CUST0179,Webcam HD,1.0,727.1,USD,31/03/2025
ORD000590,CUST0241,USB-C Hub,1.0,1061.05,USD,2024/04/06
ORD001125,CUST0355,27in Monitor,2.0,1457.54,INR,2025/05/14
ORD000280,CUST0041,Noise Cancelling Headphones,3.0,1397.31,AUD,2025-03-23
ORD002920,CUST0215,Webcam HD,2.0,114.75,USD,2024/07/20
ORD001640,CUST0182,Mechanical Keyboard,1.0,175.48,AUD,17/06/2024
ORD000983,CUST0266,External SSD 1TB,,766.2,INR,2025/04/21
ORD002121,CUST0119,Wireless Mouse,1.0,168.4,AUD,2024-01-18
ORD000714,CUST0094,External SSD 1TB,5.0,758.08,AUD,2024/12/22
ORD000943,CUST0153,Laptop Pro 15,2.0,1676.2,EUR,07/02/2024
ORD001710,CUST0205,Office Chair,2.0,1752.06,USD,2025-01-02
ORD001590,CUST0168,Office Chair,2.0,746.17,USD,18/02/2025
ORD002717,CUST0103,Standing Desk,3.0,,USD,2024/06/24
ORD001947,,Mechanical Keyboard,1.0,1623.6,INR,11/05/2025
ORD001831,CUST0056,Standing Desk,5.0,1364.47,EUR,2024/02/04
ORD001926,CUST0082,Noise Cancelling Headphones,2.0,1794.47,EUR,03/08/2024
ORD001357,CUST0013,External SSD 1TB,,1028.86,AUD,16/05/2024
ORD001227,CUST0020,Wireless Mouse,5.0,357.4,INR,01-11-2025
ORD000488,CUST0179,Noise Cancelling Headphones,2.0,1730.22,INR,2025-03-30
ORD000982,CUST0037,Mechanical Keyboard,2.0,1435.95,EUR,2024/09/06
ORD002305,CUST0192,27in Monitor,3.0,404.28,EUR,11-02-2024
ORD002766,CUST0116,27in Monitor,3.0,1153.9,INR,20/04/2024
ORD001572,CUST0244,Laptop Pro 15,1.0,1780.99,EUR,08/04/2025
ORD002673,CUST0300,Laptop Pro 15,2.0,236.47,INR,06-10-2024
ORD000788,CUST0175,Noise Cancelling Headphones,2.0,1727.76,USD,2024/10/16
ORD001635,CUST0153,Mechanical Keyboard,1.0,1143.35,EUR,2024-03-03
ORD000453,CUST0179,Noise Cancelling Headphones,1.0,47.5,EUR,2025/04/25
ORD002965,CUST0307,Mechanical Keyboard,3.0,553.38,USD,2024/01/25
ORD001761,CUST0132,Mechanical Keyboard,1.0,669.22,USD,2024-07-18
ORD000720,CUST0271,Standing Desk,2.0,1034.07,EUR,2024-08-25
ORD001722,CUST0309,27in Monitor,5.0,1010.79,AUD,2024/08/21
ORD001316,CUST0242,27in Monitor,3.0,930.0,INR,2024/02/05
ORD000994,CUST0207,Noise Cancelling Headphones,5.0,456.15,INR,2024-10-11
ORD002815,,27in Monitor,2.0,556.48,USD,2025/04/29
ORD000185,CUST0265,USB-C Hub,1.0,1340.36,USD,08/05/2024
ORD001782,CUST0081,27in Monitor,5.0,915.12,INR,21/02/2025
ORD002272,CUST0008,Noise Cancelling Headphones,1.0,1637.74,USD,2024-02-14
ORD000187,CUST0259,Webcam HD,2.0,329.13,USD,2024-06-23
ORD002796,CUST0323,Standing Desk,5.0,231.02,USD,2025-02-07
ORD002432,CUST0189,Laptop Pro 15,1.0,454.91,USD,2024-12-26
ORD002816,CUST0291,Office Chair,1.0,1423.05,AUD,16/04/2024
ORD000737,CUST0383,Webcam HD,3.0,1223.44,EUR,07/02/2024
ORD000474,CUST0258,27in Monitor,2.0,157.43,USD,10-21-2024
ORD002431,CUST0384,Mechanical Keyboard,1.0,93.13,USD,02-22-2024
ORD002552,CUST0188,Office Chair,2.0,1194.45,INR,2025-03-02
ORD000504,CUST0341,External SSD 1TB,2.0,668.93,GBP,2024-01-25
ORD000552,CUST0147,External SSD 1TB,2.0,1534.02,GBP,2024-11-28
ORD002360,CUST0173,External SSD 1TB,3.0,447.53,GBP,2024-10-24
ORD000402,CUST0162,Mechanical Keyboard,2.0,1140.84,EUR,05-21-2024
ORD001386,CUST0259,Standing Desk,2.0,359.14,USD,2024-08-13
ORD000092,CUST0239,Noise Cancelling Headphones,2.0,915.13,USD,2024/12/31
ORD002729,CUST0278,Standing Desk,1.0,1286.68,AUD,2024-08-03
ORD001920,CUST0026,Webcam HD,,477.67,AUD,2025/04/15
ORD002243,CUST0318,27in Monitor,2.0,1665.6,USD,2025-03-18
ORD001446,CUST0134,External SSD 1TB,1.0,1292.97,USD,03-27-2025
ORD001885,CUST0129,Mechanical Keyboard,1.0,825.19,GBP,2024/02/27
ORD002826,CUST0138,Standing Desk,1.0,304.52,USD,2025/01/08
ORD000652,CUST0098,Wireless Mouse,5.0,655.23,INR,29/10/2024
ORD001534,CUST0327,Webcam HD,1.0,1001.32,AUD,2025/03/25
ORD000946,CUST0256,Noise Cancelling Headphones,5.0,520.88,GBP,2024-04-25
ORD002505,CUST0221,Office Chair,1.0,1427.43,INR,25/07/2024
ORD002602,CUST0339,Standing Desk,2.0,701.55,GBP,05-09-2025
ORD000766,CUST0229,External SSD 1TB,5.0,329.74,USD,22/01/2025
ORD000859,CUST0063,Standing Desk,5.0,202.99,USD,2024/02/20
ORD000927,CUST0089,Office Chair,5.0,455.7,INR,02-07-2024
ORD002469,CUST0153,Laptop Pro 15,1.0,801.65,EUR,12-06-2024
ORD002806,CUST0384,Noise Cancelling Headphones,3.0,441.99,GBP,18/03/2024
ORD002067,CUST0258,Wireless Mouse,1.0,1703.03,USD,01-30-2024
ORD002438,CUST0105,External SSD 1TB,3.0,772.33,AUD,11-08-2024
ORD000375,CUST0280,Wireless Mouse,1.0,626.69,USD,08-20-2024
ORD000637,CUST0297,27in Monitor,1.0,1182.21,INR,2024/02/27
ORD002640,CUST0356,Mechanical Keyboard,3.0,1323.94,INR,2025/02/23
ORD001834,CUST0110,Noise Cancelling Headphones,2.0,35.09,EUR,07/01/2025
ORD001637,CUST0346,External SSD 1TB,2.0,227.33,USD,2025-03-16
ORD002388,CUST0126,Webcam HD,1.0,1215.8,EUR,2025/02/22
ORD001317,CUST0042,Noise Cancelling Headphones,1.0,570.02,INR,01-31-2025
ORD000645,CUST0177,Webcam HD,5.0,283.32,AUD,2024/05/19
ORD002331,CUST0106,Noise Cancelling Headphones,3.0,843.98,GBP,2024-03-28
ORD001074,CUST0206,Laptop Pro 15,2.0,783.53,EUR,2024-11-19
ORD000302,CUST0324,Laptop Pro 15,5.0,249.49,EUR,02/04/2025
ORD001004,CUST0078,Mechanical Keyboard,,1128.1,USD,2025-01-05
ORD000420,CUST0012,27in Monitor,2.0,1467.68,EUR,2024-10-31
ORD000938,CUST0226,27in Monitor,2.0,1799.4,EUR,2024-11-09
ORD002922,CUST0390,Mechanical Keyboard,3.0,603.26,USD,05-26-2024
ORD000519,CUST0295,27in Monitor,2.0,159.34,USD,2024/04/09
ORD000605,CUST0097,Office Chair,3.0,1291.64,EUR,2024/08/27
ORD000589,CUST0069,Office Chair,3.0,785.56,USD,30/03/2025
ORD002855,CUST0142,Noise Cancelling Headphones,5.0,1209.22,EUR,2024-10-22
ORD000031,CUST0128,Webcam HD,5.0,36.05,USD,2024-06-09
ORD001733,CUST0036,Webcam HD,3.0,1473.87,USD,2024-11-18
ORD000346,CUST0058,External SSD 1TB,2.0,828.27,INR,01-02-2025
ORD001945,CUST0234,External SSD 1TB,2.0,993.29,AUD,08/07/2024
ORD002688,CUST0370,Noise Cancelling Headphones,2.0,884.92,EUR,2024-07-23
ORD000860,CUST0129,USB-C Hub,5.0,408.04,AUD,28/02/2024
ORD001117,CUST0290,External SSD 1TB,1.0,1257.18,USD,11-16-2024
ORD002801,CUST0240,Standing Desk,3.0,1485.76,INR,2024/12/12
ORD002648,CUST0253,Mechanical Keyboard,2.0,646.34,EUR,2025/03/06
ORD002987,CUST0246,Mechanical Keyboard,2.0,196.82,USD,04-29-2024
ORD000369,CUST0192,Webcam HD,1.0,1439.21,USD,23/08/2024
ORD002756,CUST0050,Noise Cancelling Headphones,5.0,747.7,USD,2024/11/07
ORD002727,CUST0400,USB-C Hub,2.0,1091.37,EUR,05-07-2024
ORD000580,CUST0223,Mechanical Keyboard,2.0,1676.64,EUR,01-22-2025
ORD002832,CUST0265,Office Chair,1.0,1436.91,INR,02-17-2024
ORD001774,CUST0272,Laptop Pro 15,3.0,1165.17,EUR,11/02/2024
ORD001764,CUST0104,Wireless Mouse,2.0,1485.17,GBP,12-09-2024
ORD000538,CUST0336,USB-C Hub,2.0,865.22,EUR,2024-03-03
ORD000688,CUST0287,Mechanical Keyboard,1.0,850.33,EUR,09-26-2024
ORD001910,CUST0120,External SSD 1TB,2.0,1648.08,INR,03-20-2024
ORD001755,CUST0025,Webcam HD,2.0,361.63,USD,2025-01-31
ORD002955,CUST0036,USB-C Hub,5.0,731.32,INR,2024/07/06
ORD000909,CUST0312,External SSD 1TB,3.0,1445.36,USD,2024/01/27
ORD000917,CUST0166,Wireless Mouse,5.0,191.75,USD,28/08/2024
ORD000126,CUST0107,Noise Cancelling Headphones,3.0,401.28,EUR,01/02/2024
ORD000169,CUST0135,Standing Desk,5.0,460.75,USD,10-07-2024
ORD000029,CUST0255,USB-C Hub,2.0,1481.72,GBP,05-08-2024
ORD001981,CUST0150,Wireless Mouse,1.0,1291.36,EUR,11/03/2025
ORD002231,CUST0208,Laptop Pro 15,5.0,67.16,USD,2024/06/13
ORD002225,CUST0217,Laptop Pro 15,2.0,120.56,AUD,18/12/2024
ORD001948,CUST0203,Standing Desk,2.0,1402.06,AUD,2024/07/18
ORD001351,CUST0228,Standing Desk,3.0,751.65,GBP,25/12/2024
ORD000460,CUST0146,27in Monitor,2.0,387.9,USD,2024-07-12
ORD000734,CUST0032,Webcam HD,1.0,152.41,USD,10/02/2025
ORD001865,CUST0025,Laptop Pro 15,3.0,1166.87,USD,04-21-2024
ORD000783,CUST0189,Mechanical Keyboard,3.0,249.8,USD,2024/09/17
ORD000174,CUST0259,Noise Cancelling Headphones,5.0,606.99,INR,01/06/2024
ORD000878,CUST0224,Mechanical Keyboard,1.0,1475.32,EUR,17/03/2024
ORD000395,CUST0107,External SSD 1TB,3.0,1765.44,INR,12/03/2025
ORD000752,CUST0364,USB-C Hub,5.0,558.07,INR,2024-03-15
ORD001006,CUST0128,Wireless Mouse,2.0,125.39,GBP,18/02/2024
ORD000926,CUST0152,Laptop Pro 15,2.0,539.19,USD,06/07/2024
ORD000344,CUST0222,Noise Cancelling Headphones,2.0,639.05,EUR,31/10/2024
ORD001978,CUST0149,Laptop Pro 15,2.0,1489.51,AUD,20/02/2025
ORD001570,CUST0032,Noise Cancelling Headphones,5.0,114.28,GBP,2024/12/31
ORD001603,CUST0122,27in Monitor,1.0,854.25,GBP,09-27-2024
ORD001261,CUST0158,Office Chair,5.0,1763.75,INR,2024/09/25
ORD000522,CUST0308,External SSD 1TB,1.0,1631.86,USD,2024-01-21
ORD001886,CUST0107,External SSD 1TB,2.0,375.09,EUR,2025-02-12
ORD002066,CUST0259,USB-C Hub,2.0,445.8,USD,07-02-2024
ORD002533,CUST0020,USB-C Hub,5.0,777.88,USD,21/06/2024
ORD001844,CUST0130,Office Chair,1.0,1414.48,GBP,2024-02-26
ORD002053,CUST0125,Laptop Pro 15,1.0,796.35,INR,2024/11/22
ORD001400,CUST0117,27in Monitor,2.0,1033.02,USD,2025-02-12
ORD002170,CUST0326,Mechanical Keyboard,2.0,360.85,INR,11-02-2024
ORD001712,CUST0113,Laptop Pro 15,2.0,175.6,AUD,2024-01-17
ORD002808,CUST0015,Mechanical Keyboard,1.0,368.14,USD,2025/03/03
ORD002557,CUST0321,27in Monitor,2.0,1272.57,INR,21/02/2025
ORD002046,CUST0318,Noise Cancelling Headphones,3.0,1705.98,USD,05-03-2025
ORD000548,CUST0100,Office Chair,5.0,182.71,INR,2024/05/14
ORD002173,CUST0217,External SSD 1TB,2.0,258.01,AUD,2024-01-30
ORD000877,CUST0159,Wireless Mouse,2.0,1415.55,GBP,2024/05/18
ORD000096,CUST0308,Webcam HD,3.0,672.81,EUR,2024/09/17
ORD002689,CUST0277,USB-C Hub,1.0,476.4,EUR,2025-02-05
ORD000607,CUST0235,27in Monitor,1.0,733.68,EUR,23/03/2025
ORD001135,CUST0350,Webcam HD,5.0,242.34,INR,09-23-2024
ORD002322,CUST0244,Office Chair,2.0,1133.63,USD,12-18-2024
ORD000153,CUST0304,USB-C Hub,,1214.65,GBP,2024-10-24
ORD002555,CUST0041,USB-C Hub,2.0,514.41,USD,2024/03/16
ORD001770,CUST0192,Webcam HD,1.0,857.87,USD,2025-04-13
ORD001175,CUST0367,Laptop Pro 15,1.0,1723.86,GBP,19/04/2024
ORD001629,CUST0051,Webcam HD,3.0,749.88,USD,2025-04-10
ORD000655,CUST0364,Office Chair,1.0,239.37,INR,2024-03-13
ORD002843,CUST0051,Mechanical Keyboard,1.0,1028.17,USD,03-31-2025
ORD001008,CUST0029,27in Monitor,3.0,1525.58,USD,2025/01/27
ORD000646,CUST0281,USB-C Hub,1.0,1564.48,GBP,10-19-2024
ORD000623,CUST0293,27in Monitor,1.0,1778.85,USD,11-07-2024
ORD000687,CUST0287,Noise Cancelling Headphones,3.0,1086.23,USD,11/05/2025
ORD001309,CUST0239,Laptop Pro 15,5.0,1574.01,EUR,2024-05-15
ORD002563,CUST0127,Mechanical Keyboard,1.0,981.67,USD,2024/07/30
ORD001779,CUST0341,Office Chair,1.0,1200.97,GBP,2025/03/14
ORD001639,CUST0316,Office Chair,1.0,23.21,USD,30/08/2024
ORD002245,CUST0355,Noise Cancelling Headphones,3.0,1571.63,USD,2024-02-28
ORD000249,CUST0042,Webcam HD,5.0,276.25,USD,06/04/2024
ORD000380,CUST0027,Mechanical Keyboard,2.0,98.38,GBP,27/01/2025
ORD002093,CUST0027,External SSD 1TB,1.0,1449.22,USD,2024/07/01
ORD000823,CUST0291,USB-C Hub,5.0,695.99,USD,2024-02-09
ORD000554,CUST0241,Wireless Mouse,5.0,784.94,USD,08-01-2024
ORD000604,CUST0266,Webcam HD,1.0,967.8,GBP,2024/10/27
ORD002924,CUST0026,Wireless Mouse,5.0,1001.68,USD,02-05-2024
ORD002032,CUST0186,External SSD 1TB,2.0,359.45,GBP,2025-01-03
ORD000283,CUST0080,Office Chair,3.0,524.42,INR,2024/04/05
ORD001915,CUST0129,Noise Cancelling Headphones,5.0,1411.51,INR,02-28-2025
ORD000791,CUST0235,Webcam HD,3.0,722.45,INR,2025/04/01
ORD001679,CUST0014,Standing Desk,2.0,829.74,GBP,2024-04-25
ORD000301,CUST0322,USB-C Hub,1.0,1681.49,EUR,01-30-2024
ORD001255,CUST0296,27in Monitor,2.0,746.33,USD,2024-08-09
ORD001601,CUST0096,External SSD 1TB,3.0,328.64,USD,2024/03/09
ORD002580,CUST0123,27in Monitor,3.0,840.92,INR,02/12/2024
ORD002080,CUST0256,External SSD 1TB,,404.67,INR,10/04/2025
ORD002301,CUST0088,Mechanical Keyboard,2.0,1389.54,INR,2024/01/28
ORD002229,CUST0215,Wireless Mouse,2.0,1273.47,INR,2024-12-06
ORD000377,CUST0248,Office Chair,1.0,682.9,USD,03-09-2025
ORD002184,CUST0255,Noise Cancelling Headphones,2.0,539.76,INR,23/03/2025
ORD000352,CUST0353,27in Monitor,3.0,1307.05,USD,2024-02-14
ORD001705,CUST0237,Wireless Mouse,2.0,1422.7,EUR,16/04/2024
ORD001342,CUST0191,Noise Cancelling Headphones,2.0,1486.54,USD,05-06-2025
ORD001220,CUST0399,Webcam HD,5.0,840.43,GBP,06-02-2024
ORD001614,CUST0395,Webcam HD,2.0,909.02,INR,13/12/2024
ORD000310,CUST0270,Laptop Pro 15,3.0,1141.8,INR,2024/05/22
ORD002537,CUST0170,Webcam HD,5.0,1342.49,USD,2025/04/16
ORD000779,CUST0231,Office Chair,2.0,19.14,INR,26/01/2024
ORD002346,CUST0380,Webcam HD,3.0,1516.74,USD,2025-05-11
ORD000901,CUST0189,USB-C Hub,1.0,1258.18,USD,11/05/2025
ORD000193,CUST0215,Noise Cancelling Headphones,1.0,1411.0,GBP,2024-08-08
ORD001194,CUST0350,External SSD 1TB,2.0,1188.55,USD,2024-09-21
ORD002160,CUST0014,Office Chair,5.0,1267.98,EUR,2025/05/13
ORD000448,CUST0235,Wireless Mouse,1.0,317.27,GBP,08/05/2024
ORD001669,CUST0365,Webcam HD,1.0,136.89,GBP,2025/04/20
ORD002040,CUST0019,Laptop Pro 15,1.0,26.52,EUR,03/05/2025
ORD001874,CUST0017,27in Monitor,5.0,1567.02,EUR,26/11/2024
ORD000861,CUST0193,Standing Desk,1.0,25.18,AUD,2024/03/13
ORD001201,CUST0226,Webcam HD,3.0,1410.09,INR,04-28-2024
ORD002442,CUST0142,Webcam HD,2.0,1542.2,INR,28/02/2024
ORD001851,CUST0079,Wireless Mouse,5.0,1655.21,USD,03-06-2025
ORD001970,CUST0050,Webcam HD,5.0,1399.35,EUR,2024/08/19
ORD002782,CUST0147,Noise Cancelling Headphones,5.0,,USD,07-05-2024
ORD000075,CUST0090,Webcam HD,5.0,1152.91,GBP,2024-04-16
ORD000692,CUST0062,Office Chair,2.0,326.91,AUD,2025-04-21
ORD001899,CUST0168,Laptop Pro 15,1.0,466.67,GBP,2025-01-14
ORD002869,CUST0263,USB-C Hub,3.0,183.74,GBP,2024/12/26
ORD002332,CUST0288,27in Monitor,1.0,359.94,EUR,2025-02-18
ORD000335,CUST0017,Standing Desk,1.0,,EUR,08-03-2024
ORD001753,CUST0074,External SSD 1TB,,443.28,USD,07/07/2024
ORD002326,CUST0277,27in Monitor,2.0,90.09,GBP,2024/09/01
ORD001433,CUST0193,USB-C Hub,5.0,413.69,INR,2024/12/03
ORD000295,CUST0200,Standing Desk,1.0,1096.94,EUR,2024-07-29
ORD000597,CUST0363,Mechanical Keyboard,1.0,1357.58,INR,07-08-2024
ORD002168,CUST0334,Standing Desk,3.0,889.51,GBP,06/07/2024
ORD001663,CUST0303,Laptop Pro 15,5.0,1114.9,USD,03-24-2024
ORD000698,CUST0255,Laptop Pro 15,3.0,807.4,USD,2024/03/02
ORD002710,CUST0157,External SSD 1TB,2.0,1339.1,GBP,17/05/2024
ORD001271,,Laptop Pro 15,2.0,0.0,USD,09/05/2025
ORD002885,CUST0148,External SSD 1TB,2.0,1778.1,USD,04-18-2025
ORD001735,CUST0301,27in Monitor,5.0,276.69,USD,2024/02/13
ORD000840,CUST0187,27in Monitor,1.0,736.84,INR,26/03/2024
ORD001814,CUST0333,External SSD 1TB,2.0,1729.43,USD,2025/02/24
ORD000672,CUST0044,27in Monitor,2.0,1504.65,INR,07-12-2024
ORD001790,CUST0247,Webcam HD,3.0,450.36,USD,2024-09-16
ORD001666,CUST0002,Laptop Pro 15,1.0,835.5,GBP,10/01/2024
ORD001909,CUST0273,USB-C Hub,2.0,494.37,USD,07/02/2025
ORD002238,CUST0195,Noise Cancelling Headphones,2.0,772.47,USD,04-08-2024
ORD001289,CUST0033,Standing Desk,2.0,740.34,GBP,07-08-2024
ORD002074,CUST0038,27in Monitor,3.0,823.07,EUR,2024-06-22
ORD001412,CUST0112,Mechanical Keyboard,2.0,642.45,INR,11/05/2025
ORD001933,CUST0330,27in Monitor,2.0,1603.53,USD,2024-08-07
ORD000085,CUST0070,Office Chair,1.0,1095.08,USD,2025-03-13
ORD001961,CUST0244,Laptop Pro 15,1.0,325.8,INR,2024-01-20
ORD002767,CUST0162,USB-C Hub,5.0,979.97,USD,16/03/2024
ORD000438,CUST0089,Wireless Mouse,2.0,295.51,USD,2024/03/19
ORD001497,CUST0355,Standing Desk,2.0,1248.54,USD,07-30-2024
ORD001280,CUST0264,Mechanical Keyboard,1.0,802.58,INR,19/11/2024
ORD002375,CUST0084,Laptop Pro 15,5.0,547.68,GBP,2025-02-15
ORD000206,CUST0304,Office Chair,5.0,878.53,GBP,11-06-2024
ORD000406,CUST0302,Laptop Pro 15,5.0,97.39,EUR,04/03/2025
ORD001217,CUST0398,Laptop Pro 15,3.0,1692.9,USD,04/08/2024
ORD002586,CUST0217,Laptop Pro 15,1.0,1460.6,GBP,03-04-2024
ORD000196,CUST0349,External SSD 1TB,3.0,112.32,GBP,06/09/2024
ORD002631,CUST0397,Wireless Mouse,2.0,91.99,GBP,2024-06-12
ORD002159,CUST0259,External SSD 1TB,2.0,1363.89,USD,18/11/2024
ORD000198,CUST0257,External SSD 1TB,1.0,521.89,USD,2024/07/21
ORD002994,CUST0314,27in Monitor,2.0,1690.63,EUR,20/12/2024
ORD001919,CUST0202,Noise Cancelling Headphones,1.0,827.32,USD,2024/07/04
ORD000476,CUST0373,Webcam HD,3.0,1577.55,USD,06-25-2024
ORD002666,CUST0017,Standing Desk,2.0,606.82,EUR,2025/05/01
ORD001967,CUST0395,Noise Cancelling Headphones,1.0,,EUR,2024/12/29
ORD000337,CUST0007,27in Monitor,1.0,1009.27,USD,2025/02/04
ORD002482,CUST0244,Noise Cancelling Headphones,2.0,1725.09,AUD,2024/03/10
ORD001659,CUST0310,Noise Cancelling Headphones,2.0,714.48,AUD,2025/01/27
ORD001888,CUST0073,Office Chair,3.0,1774.32,GBP,2024/12/28
ORD000510,CUST0382,USB-C Hub,3.0,552.3,GBP,10-31-2024
ORD002931,CUST0255,27in Monitor,2.0,1496.37,USD,08-11-2024
ORD002667,CUST0256,Standing Desk,1.0,1311.77,AUD,2024/06/25
ORD002733,CUST0361,Noise Cancelling Headphones,3.0,994.39,AUD,05/06/2024
ORD000109,CUST0243,External SSD 1TB,1.0,539.78,USD,2025-02-18
ORD000091,CUST0214,USB-C Hub,2.0,257.92,INR,12/05/2024
ORD000596,CUST0227,Noise Cancelling Headphones,1.0,227.14,GBP,06/05/2024
ORD001297,CUST0358,USB-C Hub,2.0,1434.62,EUR,30/04/2025
ORD001353,CUST0167,Laptop Pro 15,1.0,1323.98,USD,2024/07/20
ORD002363,CUST0302,External SSD 1TB,2.0,182.97,INR,10-10-2024
ORD002833,CUST0237,Mechanical Keyboard,1.0,113.66,USD,12/03/2025
ORD001827,CUST0246,External SSD 1TB,2.0,665.03,GBP,2025-04-15
ORD002827,CUST0168,Laptop Pro 15,1.0,981.79,AUD,01-29-2024
ORD000696,CUST0182,Mechanical Keyboard,2.0,1718.45,USD,2025-01-01
ORD002996,CUST0026,USB-C Hub,1.0,1397.69,USD,2024-02-01
ORD001013,CUST0238,Mechanical Keyboard,1.0,1476.77,GBP,03-09-2025
ORD000316,CUST0395,Mechanical Keyboard,-1.0,1701.38,GBP,2024/04/27
ORD001543,CUST0044,USB-C Hub,5.0,55.24,USD,30/01/2025
ORD000834,CUST0212,USB-C Hub,2.0,1786.91,AUD,2024/11/17
ORD000394,CUST0037,USB-C Hub,2.0,1196.92,USD,2024-05-22
ORD001716,CUST0152,Noise Cancelling Headphones,3.0,84.64,INR,11-25-2024
ORD001721,CUST0114,Laptop Pro 15,1.0,1471.23,INR,2025/01/24
ORD002616,CUST0031,Wireless Mouse,2.0,1763.38,USD,2024-07-23
ORD001334,CUST0320,Mechanical Keyboard,5.0,1748.05,INR,2024-10-02
ORD002488,CUST0116,Noise Cancelling Headphones,2.0,526.6,USD,2025/05/13
ORD002831,CUST0136,Mechanical Keyboard,3.0,1066.34,GBP,2024-04-19
ORD002255,CUST0341,Office Chair,3.0,265.2,USD,2024/07/22
ORD001540,CUST0357,Mechanical Keyboard,2.0,1337.99,USD,2024/03/13
ORD002579,CUST0381,Noise Cancelling Headphones,1.0,882.31,INR,2024-04-27
ORD000578,CUST0117,Webcam HD,1.0,1724.96,USD,08/02/2024
ORD002179,CUST0274,Mechanical Keyboard,3.0,1527.16,EUR,08-07-2024
ORD001584,CUST0399,External SSD 1TB,2.0,24.45,USD,2024-05-28
ORD002458,CUST0214,Standing Desk,3.0,1293.13,EUR,01/12/2024
ORD000208,CUST0138,27in Monitor,2.0,782.91,EUR,25/12/2024
ORD000062,CUST0215,Standing Desk,3.0,1571.35,GBP,01-08-2025
ORD001452,CUST0187,Office Chair,3.0,1445.87,INR,2024/08/13
ORD000302,CUST0324,Laptop Pro 15,5.0,249.49,EUR,02/04/2025
ORD000024,CUST0036,Laptop Pro 15,5.0,1191.6,USD,2025-02-28
ORD001842,CUST0252,Noise Cancelling Headphones,3.0,1348.86,EUR,01-05-2025
ORD000467,CUST0316,USB-C Hub,2.0,1462.79,AUD,03-17-2025
ORD000391,CUST0114,USB-C Hub,1.0,105.79,GBP,2024/06/18
ORD000664,CUST0304,External SSD 1TB,5.0,707.57,AUD,2025-01-06
ORD001726,CUST0106,Standing Desk,3.0,1678.56,USD,10-27-2024
ORD002385,CUST0162,Wireless Mouse,1.0,1559.59,USD,12-18-2024
ORD000042,CUST0381,Webcam HD,1.0,772.96,EUR,10-22-2024
ORD000980,CUST0016,Standing Desk,1.0,0.0,AUD,31/12/2024
ORD002524,CUST0234,Laptop Pro 15,2.0,1604.87,USD,25/01/2025
ORD001708,CUST0055,Noise Cancelling Headphones,3.0,462.12,AUD,07-15-2024
ORD000841,CUST0380,27in Monitor,3.0,1113.94,EUR,2025-03-02
ORD001473,CUST0232,Webcam HD,2.0,1671.27,GBP,25/05/2024
ORD002704,CUST0374,Laptop Pro 15,2.0,635.47,EUR,2024/06/21
ORD002254,CUST0252,Webcam HD,1.0,1648.02,USD,2025/05/06
ORD000869,CUST0363,Noise Cancelling Headphones,,53.5,USD,2024-12-28
ORD000266,CUST0178,USB-C Hub,2.0,1637.62,GBP,2024/04/15
ORD000286,CUST0097,USB-C Hub,3.0,416.13,AUD,2025/04/05
ORD000669,CUST0299,Office Chair,1.0,420.41,GBP,05-13-2024
ORD002553,CUST0131,Noise Cancelling Headphones,3.0,526.3,USD,2024-05-30
ORD001165,CUST0371,Standing Desk,2.0,1285.05,GBP,03-17-2024
ORD002933,CUST0066,Wireless Mouse,2.0,267.18,GBP,2024/10/11
ORD002564,CUST0197,Noise Cancelling Headphones,2.0,162.19,GBP,05/05/2024
ORD000787,CUST0180,Mechanical Keyboard,2.0,384.94,EUR,09/09/2024
ORD000265,CUST0300,Noise Cancelling Headphones,5.0,430.28,USD,01-11-2024
ORD001587,CUST0239,External SSD 1TB,1.0,374.34,AUD,2024-07-25
ORD000775,CUST0392,Standing Desk,1.0,713.93,EUR,24/05/2024
ORD002599,CUST0240,Mechanical Keyboard,1.0,64.36,USD,2025-03-05
ORD000948,CUST0391,Standing Desk,3.0,1413.37,USD,26/12/2024
ORD001990,CUST0138,USB-C Hub,2.0,402.31,USD,17/03/2024
ORD000274,CUST0184,External SSD 1TB,5.0,1288.72,GBP,2024-07-08
ORD002037,CUST0013,Wireless Mouse,1.0,,USD,21/08/2024
ORD002145,CUST0329,Laptop Pro 15,5.0,1178.11,USD,2025/01/07
ORD001675,CUST0320,Webcam HD,1.0,1304.11,AUD,10-10-2024
ORD001702,CUST0157,Office Chair,2.0,288.95,USD,2025/03/15
ORD001934,CUST0286,Wireless Mouse,1.0,1447.47,AUD,04/03/2025
ORD001260,CUST0072,Office Chair,5.0,1009.28,AUD,2024/12/24
ORD001214,CUST0043,Webcam HD,3.0,1640.74,GBP,2025/02/28
ORD001093,CUST0134,27in Monitor,1.0,1608.77,EUR,2024/02/04
ORD000473,CUST0122,Office Chair,2.0,1097.24,USD,2025/04/23
ORD002882,CUST0186,Laptop Pro 15,2.0,1449.63,AUD,11-10-2024
ORD001847,CUST0304,Mechanical Keyboard,1.0,269.51,USD,10/02/2024
ORD001126,CUST0050,Standing Desk,5.0,512.87,USD,2024-01-11
ORD001170,CUST0268,27in Monitor,2.0,997.22,USD,06/02/2024
ORD002138,CUST0307,Mechanical Keyboard,1.0,238.2,AUD,01-06-2025
ORD001099,CUST0098,Mechanical Keyboard,2.0,1540.81,USD,2024/10/11
ORD001579,CUST0065,Mechanical Keyboard,3.0,867.96,GBP,2025-03-21
ORD000469,CUST0068,External SSD 1TB,1.0,1373.51,EUR,2025-02-27
ORD000282,CUST0103,Mechanical Keyboard,2.0,1696.51,EUR,2024/06/22
ORD002791,CUST0267,27in Monitor,2.0,96.69,USD,01-06-2024
ORD001783,CUST0262,Laptop Pro 15,2.0,900.22,AUD,2024-12-24
ORD002777,CUST0194,Standing Desk,1.0,64.65,AUD,2024-01-05
ORD001369,CUST0400,USB-C Hub,2.0,547.67,GBP,02/01/2025
ORD002140,CUST0137,External SSD 1TB,,212.97,EUR,12-18-2024
ORD000628,CUST0213,27in Monitor,2.0,582.96,EUR,2024-08-30
ORD002647,CUST0175,Wireless Mouse,2.0,49.67,INR,15/08/2024
ORD001278,CUST0142,Wireless Mouse,2.0,130.62,EUR,2024/06/21
ORD002549,CUST0072,External SSD 1TB,1.0,384.62,GBP,2024-07-03
ORD001551,CUST0302,Laptop Pro 15,2.0,311.59,INR,02-05-2024
ORD001033,CUST0082,Laptop Pro 15,1.0,907.66,AUD,2024/02/24
ORD001734,CUST0239,Laptop Pro 15,2.0,207.95,EUR,08-19-2024
ORD002881,CUST0320,Laptop Pro 15,5.0,1302.41,GBP,2025-02-10
ORD000211,CUST0114,Mechanical Keyboard,3.0,1366.09,USD,31/08/2024
ORD001154,CUST0136,Standing Desk,2.0,1393.92,USD,04-10-2024
ORD002909,CUST0013,Standing Desk,3.0,654.31,INR,02-13-2024
ORD000962,CUST0088,Laptop Pro 15,2.0,267.98,USD,10-30-2024
ORD000362,CUST0211,External SSD 1TB,2.0,1709.43,INR,2024-11-03
ORD001193,CUST0381,Wireless Mouse,2.0,246.91,EUR,2024/08/25
ORD000240,CUST0228,27in Monitor,1.0,1545.55,USD,31/03/2025
ORD001796,CUST0198,Wireless Mouse,3.0,693.86,INR,2025/02/12
ORD001440,CUST0206,USB-C Hub,1.0,48.37,GBP,12/04/2025
ORD000293,CUST0092,27in Monitor,2.0,1720.31,USD,11/03/2025
ORD001517,CUST0325,Mechanical Keyboard,1.0,718.99,INR,2024/04/12
ORD001206,CUST0312,Mechanical Keyboard,5.0,227.36,AUD,2024-01-18
ORD002839,CUST0179,External SSD 1TB,2.0,1310.4,GBP,2024-03-30
ORD001308,CUST0215,External SSD 1TB,2.0,979.75,AUD,03-09-2024
ORD002321,CUST0303,Noise Cancelling Headphones,2.0,269.07,INR,02-20-2024
ORD001048,CUST0118,Laptop Pro 15,1.0,725.33,USD,2025/03/13
ORD001598,CUST0295,Wireless Mouse,1.0,955.69,GBP,2024/01/21
ORD001914,CUST0243,Webcam HD,2.0,1405.21,EUR,2025/04/12
ORD001532,CUST0029,27in Monitor,1.0,1738.82,USD,2024/01/30
ORD002076,CUST0001,Webcam HD,1.0,,USD,23/10/2024
ORD000383,CUST0254,Wireless Mouse,1.0,230.79,AUD,18/04/2025
ORD001573,CUST0338,Standing Desk,3.0,1529.91,GBP,03/01/2025
ORD000081,CUST0194,Laptop Pro 15,1.0,1721.86,GBP,2025/01/23
ORD002883,CUST0346,Office Chair,3.0,888.34,AUD,2025-05-02
ORD000681,CUST0279,Wireless Mouse,1.0,532.65,EUR,14/09/2024
ORD001303,CUST0312,USB-C Hub,1.0,1441.94,USD,2024/08/22
ORD000434,CUST0218,Noise Cancelling Headphones,2.0,145.3,USD,01/02/2025
ORD001263,CUST0168,Wireless Mouse,2.0,1322.37,GBP,2024-07-19
ORD002953,CUST0201,Office Chair,2.0,,INR,30/10/2024
ORD002774,CUST0383,Wireless Mouse,3.0,1703.62,AUD,01-22-2025
ORD002946,CUST0132,Office Chair,3.0,1124.0,EUR,2024/08/14
ORD002748,CUST0382,Standing Desk,2.0,1302.02,USD,2024-02-13
ORD000129,CUST0113,External SSD 1TB,1.0,1786.42,EUR,2024-03-03
ORD001709,CUST0269,USB-C Hub,5.0,1035.56,EUR,2024-02-21
ORD000838,CUST0348,Webcam HD,1.0,1267.58,GBP,19/05/2024
ORD001860,CUST0208,Laptop Pro 15,1.0,1552.22,GBP,04-28-2024
ORD000970,CUST0323,External SSD 1TB,2.0,1441.64,EUR,25/07/2024
ORD000458,CUST0241,Mechanical Keyboard,1.0,330.64,INR,06/10/2024
ORD000285,CUST0131,Mechanical Keyboard,5.0,1782.68,GBP,17/03/2025
ORD002146,CUST0327,USB-C Hub,1.0,1727.05,GBP,2025/01/25
ORD002947,CUST0137,Noise Cancelling Headphones,1.0,941.94,USD,2024-03-16
ORD000870,CUST0301,Wireless Mouse,1.0,1193.95,USD,2024/03/29
ORD001713,CUST0288,27in Monitor,2.0,1794.74,USD,2025/02/23
ORD002697,CUST0082,Standing Desk,1.0,1098.35,USD,30/06/2024
ORD002742,CUST0168,USB-C Hub,1.0,1021.19,GBP,2025-05-05
ORD001380,CUST0301,Standing Desk,1.0,1061.13,GBP,2024-04-11
ORD001312,CUST0023,Wireless Mouse,2.0,1328.68,USD,2024-12-11
ORD000908,CUST0018,Office Chair,1.0,1567.43,EUR,2024/02/26
ORD000035,CUST0034,27in Monitor,5.0,338.81,EUR,2024-03-19
ORD001101,CUST0357,27in Monitor,1.0,675.89,EUR,18/08/2024
ORD001525,CUST0296,External SSD 1TB,1.0,143.33,GBP,03-14-2024
ORD000041,CUST0397,Office Chair,1.0,705.72,USD,01-17-2024
ORD001883,CUST0279,Mechanical Keyboard,1.0,1466.91,GBP,2024-03-30
ORD001132,CUST0048,External SSD 1TB,2.0,129.79,USD,10-14-2024
ORD000378,CUST0051,USB-C Hub,3.0,1791.08,USD,04-29-2024
ORD001615,CUST0141,USB-C Hub,1.0,1340.6,GBP,10-27-2024
ORD000812,CUST0023,Standing Desk,3.0,1642.7,USD,06/09/2024
ORD002309,CUST0023,Laptop Pro 15,1.0,1703.27,USD,31/01/2024
ORD001003,CUST0382,Standing Desk,1.0,1461.29,USD,2024-10-23
ORD002844,CUST0288,External SSD 1TB,2.0,750.27,AUD,12-22-2024
ORD001610,CUST0210,27in Monitor,5.0,603.29,INR,08/12/2024
ORD002551,CUST0092,Webcam HD,5.0,387.83,AUD,13/11/2024
ORD001711,CUST0132,Laptop Pro 15,1.0,204.17,INR,02-06-2025
ORD002416,CUST0344,Webcam HD,1.0,1399.28,GBP,26/05/2024
ORD002422,CUST0081,27in Monitor,1.0,879.94,EUR,2025/01/26
ORD001364,CUST0306,Standing Desk,5.0,1697.5,GBP,2024/05/19
ORD000581,CUST0299,Laptop Pro 15,3.0,796.81,GBP,03-27-2025
ORD001188,CUST0362,Mechanical Keyboard,2.0,1022.67,GBP,27/03/2025
ORD001145,CUST0303,Wireless Mouse,1.0,30.43,GBP,02-11-2024
ORD001618,CUST0154,27in Monitor,5.0,1501.38,AUD,2025/04/04
ORD001671,CUST0380,Webcam HD,,1374.3,EUR,19/10/2024
ORD000072,CUST0024,Standing Desk,3.0,814.15,EUR,28/10/2024
ORD001427,CUST0091,Wireless Mouse,2.0,1340.13,EUR,11-21-2024
ORD000900,CUST0360,Laptop Pro 15,5.0,1019.07,USD,2025/03/16
ORD002000,CUST0030,Office Chair,3.0,694.69,INR,2024/07/10
ORD001951,CUST0344,Laptop Pro 15,1.0,848.76,USD,2024/03/30
ORD002188,CUST0225,USB-C Hub,5.0,1701.67,AUD,2024-10-15
ORD002021,CUST0027,Laptop Pro 15,-1.0,298.05,USD,2024-01-09
ORD000894,CUST0028,Standing Desk,2.0,323.1,USD,2024-02-28
ORD000963,CUST0218,Webcam HD,1.0,1459.57,EUR,2025-02-03
ORD001833,CUST0207,Laptop Pro 15,5.0,1447.15,USD,2024/07/12
ORD002361,CUST0292,External SSD 1TB,1.0,269.95,INR,2024/04/26
ORD001898,CUST0295,Mechanical Keyboard,2.0,155.68,USD,2024/01/02
ORD001839,CUST0383,External SSD 1TB,3.0,236.58,USD,2024-08-17
ORD000221,CUST0347,Mechanical Keyboard,1.0,1175.55,INR,2024/05/31
ORD000176,CUST0200,Standing Desk,2.0,989.04,USD,26/10/2024
ORD002394,CUST0194,Mechanical Keyboard,1.0,578.36,GBP,2024-04-13
ORD000572,CUST0016,Laptop Pro 15,2.0,586.18,EUR,12-09-2024
ORD000881,CUST0023,Laptop Pro 15,1.0,577.58,INR,17/03/2025
ORD002126,CUST0065,27in Monitor,3.0,1431.07,USD,2024-04-18
ORD000640,CUST0110,External SSD 1TB,3.0,572.86,EUR,18/06/2024
ORD000146,CUST0172,Webcam HD,3.0,1435.7,GBP,14/01/2025
ORD000388,CUST0155,Webcam HD,2.0,953.14,USD,2024/10/20
ORD002303,CUST0142,External SSD 1TB,3.0,99.99,USD,2025/03/03
ORD000712,CUST0004,Laptop Pro 15,2.0,990.42,GBP,2024/09/09
ORD001816,,USB-C Hub,2.0,605.58,INR,2024/12/30
ORD001950,CUST0173,Mechanical Keyboard,5.0,1643.82,USD,01/11/2024
ORD000479,CUST0180,Laptop Pro 15,2.0,66.97,EUR,2024-07-23
ORD002190,CUST0385,Noise Cancelling Headphones,3.0,1783.38,EUR,05-16-2024
ORD000294,CUST0103,Office Chair,2.0,214.83,GBP,10-13-2024
ORD002971,CUST0092,Office Chair,1.0,1504.2,EUR,2025-03-23
ORD001166,CUST0386,Wireless Mouse,3.0,575.75,USD,09-14-2024
ORD001743,CUST0158,Laptop Pro 15,1.0,65.34,GBP,26/08/2024
ORD001523,CUST0079,Office Chair,5.0,320.98,USD,04/05/2024
ORD001208,CUST0015,USB-C Hub,5.0,1645.23,USD,2024-06-20
ORD001332,CUST0380,Noise Cancelling Headphones,1.0,1632.31,INR,05-06-2024
ORD001210,CUST0270,Mechanical Keyboard,5.0,370.63,EUR,2024/11/04
ORD001597,CUST0298,External SSD 1TB,3.0,1336.16,GBP,2024-10-18
ORD001542,CUST0157,Laptop Pro 15,5.0,629.09,GBP,2024/11/11
ORD001218,CUST0400,USB-C Hub,2.0,1095.79,GBP,2024/12/16
ORD001680,CUST0014,Laptop Pro 15,1.0,1030.24,USD,2024-02-20
ORD001381,CUST0224,Laptop Pro 15,2.0,855.04,USD,2024-06-10
ORD002142,CUST0051,Office Chair,2.0,1043.0,GBP,03-10-2024
ORD000690,CUST0309,27in Monitor,5.0,1425.46,GBP,03-07-2025
ORD001983,CUST0170,External SSD 1TB,2.0,1251.35,AUD,2025/01/26
ORD002183,CUST0139,External SSD 1TB,1.0,1104.67,AUD,09/04/2024
ORD002368,CUST0358,Webcam HD,1.0,280.6,GBP,2024/12/21
ORD000802,CUST0329,Mechanical Keyboard,1.0,1713.8,GBP,2025/02/23
ORD001021,CUST0342,Office Chair,5.0,411.61,USD,2024-01-18
ORD000644,CUST0268,Standing Desk,1.0,132.6,GBP,2024-04-13
ORD000833,CUST0015,Standing Desk,2.0,1493.1,USD,2024-06-26
ORD002723,CUST0382,Mechanical Keyboard,5.0,309.89,GBP,2024-12-15
ORD001576,,Office Chair,,407.58,EUR,12-04-2024
ORD001368,CUST0204,Webcam HD,2.0,70.71,USD,11/11/2024
ORD002027,CUST0001,Wireless Mouse,2.0,461.21,AUD,2024-06-11
ORD001085,CUST0273,27in Monitor,1.0,890.05,USD,2025/04/30
ORD000205,CUST0220,Laptop Pro 15,1.0,1383.79,INR,2024/08/14
ORD000960,CUST0035,Standing Desk,2.0,1234.8,USD,09-06-2024
ORD002247,CUST0068,Noise Cancelling Headphones,1.0,1756.89,USD,05/07/2024
ORD002420,CUST0006,Office Chair,5.0,1799.69,GBP,2025/05/04
ORD002264,CUST0183,Noise Cancelling Headphones,5.0,1408.08,USD,2024/09/17
ORD002129,CUST0213,27in Monitor,-1.0,1385.63,INR,2025/01/23
ORD000039,CUST0122,Office Chair,2.0,18.31,USD,05-13-2024
ORD000656,CUST0172,External SSD 1TB,,955.46,INR,2024-09-20
ORD000303,CUST0185,Webcam HD,2.0,1778.47,EUR,16/03/2024
ORD001678,CUST0040,Webcam HD,1.0,651.64,EUR,26/09/2024
ORD000239,CUST0082,Mechanical Keyboard,1.0,370.25,GBP,2024/05/12
ORD000050,CUST0044,Mechanical Keyboard,3.0,1324.44,USD,2024-03-03
ORD001746,CUST0290,Mechanical Keyboard,2.0,800.65,USD,07-18-2024
ORD002041,CUST0225,Mechanical Keyboard,3.0,1476.89,USD,2024-07-23
ORD001162,CUST0353,Office Chair,2.0,1551.13,GBP,04/09/2024
ORD000400,CUST0030,Office Chair,3.0,1021.7,USD,2024-01-24
ORD000780,CUST0150,Webcam HD,1.0,1324.64,GBP,12-09-2024
ORD002462,CUST0263,External SSD 1TB,1.0,770.67,INR,2024/09/15
ORD000013,CUST0310,USB-C Hub,1.0,1072.78,USD,09-07-2024
ORD000940,CUST0165,External SSD 1TB,1.0,743.56,USD,09-16-2024
ORD000814,CUST0345,USB-C Hub,2.0,813.07,INR,07-14-2024
ORD000182,CUST0070,External SSD 1TB,1.0,552.14,USD,2025-03-08
ORD002711,CUST0197,Noise Cancelling Headphones,3.0,128.74,USD,08/04/2024
ORD001457,CUST0231,Office Chair,3.0,290.06,USD,2024/04/09
ORD002010,CUST0113,Office Chair,2.0,955.77,EUR,2024-01-14
ORD002357,CUST0389,USB-C Hub,2.0,1114.28,EUR,2024/05/15
ORD001177,CUST0098,Laptop Pro 15,1.0,1621.75,EUR,2024-01-31
ORD000540,CUST0034,27in Monitor,1.0,753.16,EUR,2025/05/08
ORD002378,CUST0344,Webcam HD,2.0,966.05,INR,2024-02-22
ORD000319,CUST0354,Mechanical Keyboard,3.0,1603.89,EUR,2024/01/23
ORD001531,CUST0393,Wireless Mouse,1.0,1568.49,USD,20/02/2024
ORD001894,CUST0304,Standing Desk,5.0,926.8,EUR,2025-03-09
ORD002625,CUST0390,Wireless Mouse,3.0,570.53,GBP,2024/09/21
ORD002785,CUST0024,Mechanical Keyboard,5.0,,EUR,02-14-2025
ORD001428,CUST0374,Wireless Mouse,2.0,220.12,INR,07-18-2024
ORD000887,CUST0117,Noise Cancelling Headphones,2.0,674.91,USD,08-20-2024
ORD002674,CUST0318,External SSD 1TB,,555.44,INR,01-25-2024
ORD001696,CUST0335,Office Chair,5.0,938.46,EUR,2025/04/20
ORD000089,CUST0328,Laptop Pro 15,1.0,756.35,INR,09-09-2024
ORD000785,CUST0027,Wireless Mouse,1.0,1612.56,USD,09-29-2024
ORD002418,CUST0050,Wireless Mouse,3.0,1523.63,AUD,13/09/2024
ORD002253,CUST0273,Standing Desk,1.0,983.53,EUR,2024-01-09
ORD002880,CUST0400,Wireless Mouse,2.0,1302.71,GBP,08-13-2024
ORD002399,CUST0347,27in Monitor,1.0,1056.18,USD,2025/01/28
ORD002642,CUST0389,Noise Cancelling Headphones,3.0,1419.73,GBP,05-01-2024
ORD002841,CUST0308,Wireless Mouse,1.0,1792.98,USD,08/06/2024
ORD001299,CUST0091,USB-C Hub,2.0,376.72,INR,01-05-2024
ORD000320,CUST0278,USB-C Hub,1.0,175.27,AUD,06-18-2024
ORD001141,CUST0390,USB-C Hub,3.0,1664.65,USD,10-01-2024
ORD000333,CUST0309,Webcam HD,,1385.06,AUD,06-19-2024
ORD000777,CUST0217,USB-C Hub,2.0,213.8,USD,10-21-2024
ORD000638,CUST0261,Laptop Pro 15,2.0,59.86,EUR,2024-09-09
ORD000531,CUST0048,Webcam HD,2.0,854.07,EUR,11-04-2024
ORD000347,CUST0264,27in Monitor,5.0,442.27,INR,02-20-2024
ORD001965,CUST0389,External SSD 1TB,1.0,188.9,USD,02/05/2024
ORD001593,CUST0316,Mechanical Keyboard,2.0,1003.82,EUR,07/02/2025
ORD001012,CUST0109,Laptop Pro 15,5.0,600.62,INR,2024-09-06
ORD002430,CUST0004,Mechanical Keyboard,2.0,476.8,GBP,01-17-2024
ORD000407,CUST0017,Wireless Mouse,2.0,354.76,AUD,18/03/2025
ORD000040,CUST0158,Laptop Pro 15,2.0,447.3,USD,12/04/2024
ORD000419,CUST0237,Webcam HD,2.0,259.38,INR,2024/04/11
ORD000341,CUST0093,Laptop Pro 15,3.0,284.67,USD,19/09/2024
ORD002558,CUST0260,Noise Cancelling Headphones,3.0,819.05,USD,2024-04-25
ORD001464,CUST0207,Noise Cancelling Headphones,2.0,495.55,USD,2024-12-12
ORD001688,CUST0110,Wireless Mouse,,394.29,USD,06/08/2024
ORD000390,CUST0066,Wireless Mouse,2.0,685.58,EUR,2024-07-21
ORD002736,CUST0308,Office Chair,1.0,1576.45,USD,2024/03/17
ORD002677,CUST0177,Laptop Pro 15,1.0,258.53,USD,2024-02-28
ORD000065,CUST0216,27in Monitor,1.0,950.88,USD,2024-09-12
ORD001772,CUST0278,USB-C Hub,2.0,1299.2,USD,01-03-2024
ORD002421,CUST0144,Noise Cancelling Headphones,2.0,1012.41,USD,2024/02/15
ORD002022,CUST0258,Noise Cancelling Headphones,5.0,148.57,USD,07/09/2024
ORD000569,CUST0110,Laptop Pro 15,3.0,258.26,EUR,07-20-2024
ORD001686,CUST0028,Standing Desk,3.0,488.59,USD,2025/01/19
ORD000811,CUST0344,USB-C Hub,2.0,1030.57,USD,2024/08/03
ORD000832,CUST0366,Office Chair,1.0,1661.22,INR,2024-11-07
ORD001946,CUST0108,Wireless Mouse,2.0,715.32,AUD,2024-04-05
ORD000440,CUST0199,Laptop Pro 15,2.0,1460.86,GBP,2025/05/03
ORD000825,CUST0134,Mechanical Keyboard,5.0,1186.71,AUD,2024-02-22
ORD000723,CUST0387,Standing Desk,1.0,573.22,EUR,04-23-2024
ORD000587,CUST0175,USB-C Hub,3.0,1246.69,GBP,2024-12-11
ORD001731,CUST0370,Mechanical Keyboard,2.0,268.24,GBP,01-28-2025
ORD000518,CUST0065,27in Monitor,5.0,1239.68,INR,05/09/2024
ORD002576,CUST0297,Noise Cancelling Headphones,5.0,1613.03,EUR,18/04/2025
ORD000136,CUST0154,Mechanical Keyboard,1.0,857.5,USD,08/12/2024
ORD000685,CUST0380,Standing Desk,3.0,1405.54,AUD,2024/12/08
ORD001202,CUST0204,Webcam HD,2.0,1138.7,USD,2024/10/28
ORD002809,CUST0005,27in Monitor,1.0,,EUR,19/08/2024
ORD002632,CUST0253,Wireless Mouse,3.0,921.65,EUR,2024-08-15
ORD002070,CUST0386,Laptop Pro 15,2.0,474.34,USD,2025-01-10
ORD001313,CUST0022,Laptop Pro 15,3.0,207.29,USD,2024-10-16
ORD001829,CUST0292,Mechanical Keyboard,1.0,672.85,EUR,26/01/2025
ORD001577,CUST0052,Mechanical Keyboard,1.0,1388.41,INR,2024-03-14
ORD002786,CUST0011,External SSD 1TB,3.0,1040.83,USD,2025/03/31
ORD001879,CUST0357,Noise Cancelling Headphones,5.0,1249.89,USD,2024-02-20
ORD001182,CUST0254,Wireless Mouse,3.0,397.8,USD,03-31-2024
ORD000048,CUST0398,Noise Cancelling Headphones,3.0,192.34,GBP,04-06-2024
ORD002290,CUST0076,Noise Cancelling Headphones,2.0,1332.85,USD,22/05/2024
ORD002384,CUST0309,Noise Cancelling Headphones,5.0,851.19,EUR,2024/07/05
ORD000090,CUST0360,27in Monitor,2.0,748.69,GBP,2024-10-07
ORD000410,CUST0350,Standing Desk,1.0,76.45,USD,08/11/2024
ORD001399,CUST0366,Standing Desk,3.0,1569.88,EUR,2024/11/29
ORD001939,CUST0273,Office Chair,1.0,,INR,05-23-2024
ORD001302,CUST0263,Standing Desk,2.0,1613.25,USD,10-14-2024
ORD002307,CUST0331,External SSD 1TB,1.0,915.09,USD,28/02/2024
ORD000141,CUST0335,Mechanical Keyboard,1.0,550.63,INR,2024-09-26
ORD002196,CUST0109,Noise Cancelling Headphones,2.0,790.63,INR,02-03-2024
ORD001144,CUST0280,Mechanical Keyboard,5.0,501.98,USD,01-02-2025
ORD000594,CUST0061,Mechanical Keyboard,1.0,1318.37,USD,05-02-2024
ORD001717,CUST0273,27in Monitor,5.0,1370.99,INR,2024-08-16
ORD002434,CUST0346,Standing Desk,1.0,48.3,USD,2025/04/25
ORD000988,CUST0339,Office Chair,3.0,1318.21,EUR,2025/03/29
ORD002471,CUST0178,Laptop Pro 15,5.0,1106.77,AUD,13/08/2024
ORD002314,CUST0082,27in Monitor,1.0,1774.05,INR,07-31-2024
ORD001582,CUST0137,Laptop Pro 15,5.0,1385.93,EUR,2024/12/07
ORD002298,CUST0161,USB-C Hub,1.0,1697.07,INR,13/12/2024
ORD000486,CUST0400,External SSD 1TB,5.0,75.27,USD,2025-05-08
ORD001323,CUST0370,27in Monitor,5.0,654.08,USD,12/01/2025
ORD002436,CUST0234,Wireless Mouse,1.0,172.3,USD,2024-04-09
ORD000186,CUST0166,Office Chair,3.0,880.26,USD,2024-10-02
ORD002506,CUST0365,Wireless Mouse,2.0,345.19,USD,2024/02/24
ORD000110,CUST0070,27in Monitor,5.0,501.14,USD,2024/09/07
ORD000121,CUST0350,External SSD 1TB,1.0,878.06,USD,2024-05-09
ORD000478,CUST0275,Standing Desk,2.0,519.99,INR,02-16-2024
ORD002310,CUST0228,USB-C Hub,5.0,0.0,INR,02-06-2025
ORD001683,CUST0353,Mechanical Keyboard,5.0,139.75,EUR,03-24-2025
ORD001454,CUST0078,Webcam HD,1.0,,USD,06-07-2024
ORD000742,CUST0153,External SSD 1TB,5.0,545.58,INR,18/01/2024
ORD000161,CUST0209,Noise Cancelling Headphones,5.0,730.38,INR,27/04/2025
ORD000300,CUST0337,Laptop Pro 15,3.0,1111.84,USD,2024/09/21
ORD001703,CUST0222,27in Monitor,1.0,538.74,USD,2024/04/19
ORD000816,CUST0165,External SSD 1TB,1.0,1169.15,INR,2024-12-01
ORD001878,CUST0237,Laptop Pro 15,5.0,149.96,INR,2024/01/24
ORD000015,CUST0336,Noise Cancelling Headphones,5.0,882.2,USD,15/05/2024
ORD001311,CUST0256,27in Monitor,5.0,1523.32,GBP,06/08/2024
ORD002884,CUST0249,Laptop Pro 15,3.0,1424.88,INR,19/10/2024
ORD002861,CUST0358,Laptop Pro 15,2.0,1269.09,EUR,18/08/2024
ORD001328,CUST0186,Mechanical Keyboard,5.0,1079.46,AUD,2025/03/23
ORD002036,CUST0361,Wireless Mouse,1.0,1395.06,GBP,02/01/2025
ORD000079,CUST0063,Laptop Pro 15,2.0,1455.59,EUR,2024-09-02
ORD000033,CUST0224,Standing Desk,3.0,640.82,USD,2024/11/30
ORD002304,CUST0398,27in Monitor,5.0,944.9,USD,08-24-2024
ORD002614,CUST0265,Webcam HD,,,EUR,2024/12/04
ORD001174,CUST0301,Standing Desk,3.0,81.45,GBP,2025/04/19
ORD001376,CUST0362,27in Monitor,1.0,504.16,AUD,2024-11-28
ORD000299,CUST0068,Noise Cancelling Headphones,5.0,1171.48,USD,2024-05-10
ORD001031,CUST0246,Wireless Mouse,2.0,659.4,USD,2024-08-13
ORD002339,CUST0103,Office Chair,1.0,1610.42,EUR,01-11-2024
ORD000168,CUST0057,Office Chair,2.0,439.41,INR,2025-04-07
ORD002936,CUST0218,Wireless Mouse,1.0,1360.58,INR,2024/07/28
ORD002709,CUST0147,Webcam HD,2.0,180.45,USD,02-18-2025
ORD000233,CUST0266,Laptop Pro 15,1.0,1158.18,AUD,05-25-2024
ORD001817,CUST0255,Standing Desk,2.0,398.64,USD,2025/01/17
ORD002274,CUST0153,Noise Cancelling Headphones,2.0,829.39,USD,2025/01/06
ORD002958,CUST0334,External SSD 1TB,2.0,0.0,INR,10-04-2024
ORD001439,CUST0330,Wireless Mouse,1.0,1375.38,INR,17/04/2025
ORD001455,CUST0333,Mechanical Keyboard,5.0,381.53,EUR,10/03/2024
ORD002180,CUST0275,Mechanical Keyboard,2.0,1245.83,USD,2024-07-04
ORD000462,CUST0335,27in Monitor,5.0,1685.18,USD,14/05/2024
ORD002753,CUST0324,USB-C Hub,1.0,456.89,EUR,2024-08-21
ORD002327,CUST0185,Mechanical Keyboard,1.0,1695.48,USD,17/01/2025
ORD002818,CUST0342,Noise Cancelling Headphones,2.0,612.4,USD,02-01-2024
ORD001491,CUST0054,Office Chair,1.0,1546.86,USD,01/10/2024
ORD000444,CUST0227,Mechanical Keyboard,5.0,1089.74,EUR,2025-03-24
ORD000104,CUST0376,USB-C Hub,2.0,973.2,GBP,29/07/2024
ORD000078,CUST0222,Webcam HD,2.0,611.53,INR,2024/09/05
ORD001236,CUST0364,27in Monitor,3.0,799.26,USD,2025-02-06
ORD001015,CUST0363,Noise Cancelling Headphones,3.0,629.2,AUD,05-12-2024
ORD002744,CUST0029,Webcam HD,1.0,1254.54,USD,19/04/2025
ORD000112,CUST0122,USB-C Hub,3.0,1755.96,USD,2024/11/26
ORD000416,CUST0189,External SSD 1TB,2.0,836.25,EUR,26/07/2024
ORD002441,CUST0205,27in Monitor,3.0,1557.36,USD,05/03/2025
ORD000367,CUST0117,Standing Desk,3.0,949.27,EUR,2025-01-24
ORD000954,CUST0178,27in Monitor,2.0,763.72,USD,09-19-2024
ORD000108,CUST0242,Laptop Pro 15,2.0,1634.06,USD,05-09-2025
ORD002493,CUST0186,Mechanical Keyboard,5.0,1700.69,EUR,04-28-2024
ORD001924,CUST0265,Mechanical Keyboard,1.0,1755.2,AUD,25/03/2024
ORD001189,CUST0304,External SSD 1TB,2.0,1048.62,USD,26/04/2025
ORD002851,CUST0083,Office Chair,1.0,1585.56,USD,03-18-2024
ORD001476,CUST0017,Webcam HD,5.0,1426.75,GBP,2024/07/14
ORD001056,CUST0253,Webcam HD,5.0,1600.2,USD,2025-03-05
ORD000426,CUST0227,External SSD 1TB,2.0,393.97,USD,10/07/2024
ORD000958,CUST0089,Webcam HD,2.0,1210.42,INR,10/04/2025
ORD001555,CUST0069,USB-C Hub,2.0,617.89,EUR,2024-04-07
ORD002768,CUST0282,Webcam HD,3.0,1477.0,EUR,10-08-2024
ORD002038,CUST0052,External SSD 1TB,3.0,1166.79,EUR,18/01/2024
ORD002412,CUST0023,USB-C Hub,3.0,484.37,INR,11/02/2025
ORD001215,CUST0334,Laptop Pro 15,3.0,1356.52,USD,10-30-2024
ORD001306,CUST0272,Laptop Pro 15,2.0,1639.72,EUR,08-24-2024
ORD000502,CUST0187,Webcam HD,1.0,1135.94,EUR,02-08-2025
ORD002350,CUST0234,27in Monitor,1.0,171.86,INR,2025-05-11
ORD000019,CUST0050,Office Chair,3.0,508.67,EUR,24/06/2024
ORD001245,CUST0032,Mechanical Keyboard,3.0,1594.24,USD,03-24-2024
ORD000563,CUST0309,Standing Desk,5.0,1298.52,INR,2024-08-03
ORD000209,CUST0017,Wireless Mouse,3.0,1352.92,GBP,10-29-2024
ORD001284,CUST0264,Noise Cancelling Headphones,1.0,497.09,USD,25/07/2024
ORD000428,CUST0062,Wireless Mouse,5.0,1031.86,EUR,2024/12/15
ORD001304,CUST0018,External SSD 1TB,3.0,1340.9,INR,2024-05-08
ORD001974,CUST0038,Wireless Mouse,3.0,937.88,USD,01-04-2024
ORD000807,CUST0119,Office Chair,1.0,1460.27,USD,03/04/2025
ORD002259,CUST0188,Noise Cancelling Headphones,1.0,314.3,USD,2024-11-05
ORD000800,CUST0400,Office Chair,1.0,1548.56,USD,04-07-2024
ORD002901,CUST0178,USB-C Hub,2.0,472.19,USD,08-02-2024
ORD001958,CUST0342,Noise Cancelling Headphones,3.0,422.48,GBP,08/02/2024
ORD002597,CUST0042,External SSD 1TB,1.0,120.21,INR,2025/02/23
ORD001835,CUST0042,Wireless Mouse,1.0,1649.14,USD,2025-01-04
ORD000290,CUST0398,27in Monitor,2.0,223.04,GBP,2024-09-05
ORD001634,CUST0251,Wireless Mouse,2.0,767.05,USD,2025-04-22
ORD002561,CUST0062,Standing Desk,5.0,1175.36,USD,16/05/2024
ORD002713,CUST0328,Wireless Mouse,3.0,972.81,USD,2024-08-18
ORD001628,CUST0040,Webcam HD,2.0,1675.15,INR,02-03-2024
ORD000223,CUST0042,Webcam HD,2.0,973.25,USD,12-25-2024
ORD001301,CUST0244,Standing Desk,5.0,1526.77,USD,11-11-2024
ORD000939,CUST0054,Wireless Mouse,1.0,1682.9,USD,2024/07/06
ORD001434,CUST0391,USB-C Hub,2.0,,GBP,18/12/2024
ORD002178,CUST0297,USB-C Hub,1.0,137.64,GBP,2024/06/24
ORD002988,CUST0150,27in Monitor,2.0,1086.2,GBP,2025/05/13
ORD001216,CUST0237,Standing Desk,5.0,24.15,USD,2024/01/29
ORD002724,CUST0191,Noise Cancelling Headphones,5.0,437.12,USD,31/10/2024
ORD002638,CUST0026,Noise Cancelling Headphones,2.0,209.52,GBP,2024-01-08
ORD001486,CUST0364,Office Chair,-1.0,193.55,INR,02/04/2024
ORD002515,CUST0360,Office Chair,3.0,239.85,GBP,12/08/2024
ORD001724,CUST0059,External SSD 1TB,2.0,1640.15,USD,26/05/2024
ORD002894,CUST0248,Mechanical Keyboard,5.0,923.81,EUR,2025-01-05
ORD001078,CUST0149,Mechanical Keyboard,3.0,1403.22,EUR,13/01/2024
ORD002822,CUST0254,Mechanical Keyboard,3.0,1387.47,USD,2024-01-19
ORD002209,CUST0040,27in Monitor,,924.82,GBP,04-09-2024
ORD002846,CUST0016,Mechanical Keyboard,1.0,925.16,USD,03/03/2025
ORD001515,CUST0180,Wireless Mouse,2.0,861.51,USD,2024-12-14
ORD001084,CUST0197,27in Monitor,1.0,293.3,USD,2024/09/22
ORD001652,CUST0276,External SSD 1TB,1.0,1142.44,INR,2024-06-27
ORD002302,CUST0024,27in Monitor,1.0,180.69,USD,12-12-2024
ORD002798,CUST0300,USB-C Hub,2.0,1366.75,USD,18/05/2024
ORD002132,CUST0198,Laptop Pro 15,1.0,376.73,GBP,04-07-2025
ORD002490,CUST0303,External SSD 1TB,1.0,1446.78,USD,2024/11/11
ORD000083,CUST0150,27in Monitor,2.0,1648.63,AUD,06-26-2024
ORD001042,CUST0199,Webcam HD,,406.27,USD,07-14-2024
ORD002369,CUST0283,Office Chair,2.0,361.83,USD,2024-01-22
ORD002212,CUST0245,Office Chair,1.0,1233.14,EUR,04-01-2025
ORD002518,CUST0220,Noise Cancelling Headphones,3.0,689.48,EUR,2025-03-26
ORD002487,CUST0297,USB-C Hub,5.0,164.9,EUR,2024-11-23
ORD001019,CUST0341,Noise Cancelling Headphones,2.0,947.83,INR,2025/05/06
ORD002574,CUST0076,Office Chair,1.0,1157.72,EUR,2024/10/05
ORD001028,CUST0234,Webcam HD,1.0,1429.19,USD,2025/03/22
ORD000654,CUST0160,Noise Cancelling Headphones,5.0,321.25,USD,2024-01-25
ORD000879,CUST0019,Laptop Pro 15,3.0,713.01,USD,20/07/2024
ORD002300,CUST0216,27in Monitor,3.0,1523.05,USD,2024/01/31
ORD000061,CUST0227,USB-C Hub,3.0,1484.26,GBP,2024-06-22
ORD002627,CUST0049,27in Monitor,3.0,1090.06,USD,06/08/2024
ORD000111,CUST0078,Standing Desk,2.0,461.18,USD,2025-02-14
ORD002098,CUST0278,Standing Desk,2.0,403.42,USD,2024/01/26
ORD002745,CUST0109,Laptop Pro 15,2.0,714.99,AUD,2024/01/13
ORD002130,CUST0348,Webcam HD,5.0,1671.05,USD,10-28-2024
ORD000491,CUST0136,External SSD 1TB,2.0,304.55,USD,2024/04/30
ORD002534,CUST0346,Laptop Pro 15,3.0,1103.49,INR,2024/07/13
ORD000354,CUST0062,Webcam HD,5.0,1647.79,GBP,2024-08-02
ORD000862,CUST0318,Mechanical Keyboard,3.0,1285.2,EUR,2025-01-20
ORD000499,CUST0103,Office Chair,3.0,964.59,GBP,2025-04-20
ORD001296,CUST0154,External SSD 1TB,1.0,396.67,AUD,2024-08-10
ORD001600,CUST0381,27in Monitor,5.0,235.47,INR,06-01-2024
ORD002776,CUST0114,USB-C Hub,2.0,360.24,EUR,2024/12/04
ORD001900,CUST0361,27in Monitor,5.0,525.49,USD,06-02-2024
ORD002964,CUST0066,Laptop Pro 15,3.0,1229.89,GBP,2025-01-04
ORD001472,CUST0225,Laptop Pro 15,5.0,239.66,GBP,2025-02-25
ORD002039,CUST0044,Laptop Pro 15,3.0,463.88,GBP,03-06-2024
ORD002804,CUST0111,Mechanical Keyboard,1.0,466.28,INR,30/09/2024
ORD001277,CUST0207,External SSD 1TB,1.0,168.94,USD,2024-01-02
ORD001116,CUST0137,Office Chair,2.0,652.67,INR,2024/01/10
ORD002870,CUST0373,Office Chair,2.0,1382.66,USD,2024-07-07
ORD002214,CUST0200,Noise Cancelling Headphones,2.0,1756.02,EUR,05-27-2024
ORD002795,CUST0001,Mechanical Keyboard,1.0,1615.7,GBP,2024/06/12
ORD001747,CUST0229,Laptop Pro 15,3.0,39.64,USD,2024-01-13
ORD000203,CUST0395,Noise Cancelling Headphones,3.0,272.73,USD,03-31-2024
ORD000374,,Office Chair,3.0,994.86,GBP,2024/12/13
ORD001662,CUST0369,Webcam HD,5.0,1723.37,USD,2024/07/26
ORD000549,CUST0266,Wireless Mouse,2.0,1037.43,EUR,2024/01/08
ORD000328,CUST0296,Standing Desk,1.0,70.01,USD,31/08/2024
ORD000142,CUST0271,Laptop Pro 15,3.0,443.28,GBP,2024/05/12
ORD002175,CUST0042,Webcam HD,1.0,121.25,INR,04-23-2025
ORD001632,CUST0080,External SSD 1TB,2.0,1300.22,EUR,2024/08/21
ORD000730,CUST0161,Mechanical Keyboard,1.0,917.2,USD,2024-12-26
ORD002998,CUST0136,Wireless Mouse,2.0,1445.48,EUR,01/03/2025
ORD001022,CUST0063,Webcam HD,2.0,334.55,INR,2024/11/11
ORD000529,CUST0123,Standing Desk,2.0,125.13,USD,2024-05-16
ORD001153,CUST0196,Laptop Pro 15,3.0,840.94,USD,2025-01-04
ORD001196,CUST0313,Mechanical Keyboard,2.0,1791.02,GBP,01-04-2025
ORD002594,CUST0325,External SSD 1TB,,41.86,USD,05-11-2025
ORD001130,CUST0279,Noise Cancelling Headphones,5.0,1595.88,USD,23/07/2024
ORD002570,CUST0186,Mechanical Keyboard,5.0,1267.83,INR,2024-07-15
ORD000718,CUST0051,USB-C Hub,1.0,630.04,USD,2024/08/11
ORD001471,CUST0293,Mechanical Keyboard,2.0,303.01,USD,02/01/2024
ORD001347,CUST0002,27in Monitor,1.0,908.0,USD,09/06/2024
ORD000957,CUST0138,Office Chair,2.0,694.31,EUR,2024-06-07
ORD001806,CUST0016,Webcam HD,5.0,1214.82,USD,2025-03-29
ORD000583,CUST0293,Office Chair,1.0,1286.91,USD,2025-04-11
ORD000979,CUST0377,External SSD 1TB,2.0,689.16,INR,02/05/2024
ORD002520,CUST0053,Noise Cancelling Headphones,5.0,1444.28,USD,10-02-2024
ORD002930,CUST0277,Webcam HD,5.0,1581.04,EUR,01-07-2025
ORD001065,CUST0031,Noise Cancelling Headphones,3.0,1734.8,GBP,2024/12/11
ORD001107,CUST0018,Standing Desk,2.0,176.37,USD,18/08/2024
ORD002049,CUST0397,27in Monitor,1.0,1260.71,USD,10/12/2024
ORD002090,CUST0029,27in Monitor,2.0,719.75,USD,05-03-2024
ORD000930,CUST0038,Laptop Pro 15,1.0,1389.36,INR,2025/01/27
ORD001519,CUST0315,Noise Cancelling Headphones,2.0,369.16,USD,04-02-2024
ORD000617,CUST0379,USB-C Hub,3.0,1600.58,USD,11/01/2025
ORD001927,CUST0273,USB-C Hub,2.0,1384.76,USD,04-18-2025
ORD001076,CUST0107,Noise Cancelling Headphones,2.0,1077.6,AUD,11/05/2024
ORD000058,CUST0331,Noise Cancelling Headphones,5.0,1250.24,USD,2025-04-16
ORD000122,CUST0017,External SSD 1TB,2.0,92.2,GBP,2024-03-07
ORD002167,CUST0158,Mechanical Keyboard,2.0,1636.47,USD,2025/02/06
ORD000235,CUST0106,Noise Cancelling Headphones,5.0,953.56,USD,2024-06-13
ORD000472,CUST0078,Standing Desk,1.0,1616.93,USD,2024-05-20
ORD000535,CUST0271,Wireless Mouse,2.0,187.47,INR,2024-09-21
ORD002618,CUST0323,Standing Desk,2.0,1021.81,EUR,2024-04-24
ORD002675,,Office Chair,3.0,985.28,USD,07-24-2024
ORD002361,CUST0292,External SSD 1TB,,269.95,INR,2024/04/26
ORD001858,CUST0351,Mechanical Keyboard,2.0,1093.91,EUR,05-10-2025
ORD001954,CUST0375,USB-C Hub,5.0,1082.53,USD,04-12-2025
ORD002075,CUST0352,External SSD 1TB,1.0,73.62,GBP,29/02/2024
ORD002952,,Standing Desk,-1.0,167.83,GBP,11-07-2024
ORD001485,CUST0017,Laptop Pro 15,2.0,113.07,USD,09/11/2024
ORD001355,CUST0076,27in Monitor,5.0,714.19,EUR,18/12/2024
ORD002934,CUST0149,Office Chair,1.0,964.13,GBP,09-21-2024
ORD001940,CUST0120,USB-C Hub,3.0,1602.65,EUR,2024-11-10
ORD002571,CUST0249,Mechanical Keyboard,5.0,240.58,GBP,2024/04/02
ORD000706,CUST0229,Noise Cancelling Headphones,1.0,1544.64,INR,2024-02-14
ORD000984,CUST0160,Office Chair,1.0,1326.48,AUD,2025-05-01
ORD000194,CUST0261,USB-C Hub,1.0,1795.33,USD,2024/06/26
ORD002397,CUST0233,Laptop Pro 15,1.0,1009.9,USD,01-11-2024
ORD000231,CUST0342,Office Chair,5.0,205.38,GBP,29/04/2025
ORD001275,CUST0105,27in Monitor,2.0,764.58,USD,26/05/2024
ORD002960,CUST0212,Laptop Pro 15,2.0,312.71,EUR,02-01-2025
ORD001911,CUST0081,27in Monitor,3.0,1557.76,AUD,2024-10-06
ORD002389,CUST0377,Webcam HD,2.0,1709.58,INR,09/12/2024
ORD000820,CUST0369,Wireless Mouse,1.0,1034.17,INR,2024-07-01
ORD000526,CUST0123,Laptop Pro 15,1.0,970.16,USD,02-18-2025
ORD002169,CUST0380,Noise Cancelling Headphones,5.0,602.32,EUR,12/02/2025
ORD000027,CUST0049,External SSD 1TB,1.0,367.6,EUR,09-12-2024
ORD000120,CUST0017,Wireless Mouse,5.0,1563.46,USD,24/03/2025
ORD001087,CUST0071,Noise Cancelling Headphones,3.0,775.38,AUD,2025-05-08
ORD000413,CUST0130,Standing Desk,2.0,1466.05,USD,02-22-2025
ORD000107,CUST0089,Laptop Pro 15,1.0,1181.17,INR,2025/02/02
ORD001882,CUST0187,Wireless Mouse,2.0,370.26,USD,2024/06/23
ORD000477,CUST0035,Noise Cancelling Headphones,5.0,1314.47,AUD,2024-12-10
ORD000935,CUST0133,Wireless Mouse,3.0,175.17,USD,2024-05-17
ORD001094,CUST0272,Webcam HD,2.0,1600.09,USD,2025-02-28
ORD002730,CUST0389,Standing Desk,2.0,1513.55,GBP,16/09/2024
ORD002354,CUST0226,USB-C Hub,1.0,1567.73,USD,01-09-2025
ORD001938,CUST0032,Standing Desk,1.0,1598.27,EUR,2025-04-29
ORD002372,CUST0400,Office Chair,2.0,347.39,USD,04-02-2025
ORD000716,CUST0246,Webcam HD,3.0,1636.79,EUR,2024/12/25
ORD002017,CUST0191,Wireless Mouse,1.0,1238.97,USD,2024-11-27
ORD001586,CUST0168,Standing Desk,2.0,1728.15,USD,23/07/2024
ORD001029,CUST0255,Wireless Mouse,1.0,1509.68,INR,05-04-2024
ORD002980,CUST0022,Office Chair,5.0,1297.72,GBP,2024-01-21
ORD000247,CUST0024,Standing Desk,1.0,1083.7,EUR,2024-05-16
ORD002409,CUST0118,27in Monitor,1.0,1387.85,AUD,05-03-2025
ORD000123,CUST0233,Office Chair,2.0,139.84,GBP,2024/09/12
ORD001047,CUST0131,27in Monitor,1.0,1512.56,AUD,2024-03-03
ORD002086,CUST0273,Laptop Pro 15,2.0,182.02,EUR,2024/01/09
ORD000037,CUST0009,27in Monitor,1.0,1654.9,INR,2024-02-04
ORD000408,CUST0084,USB-C Hub,2.0,527.17,USD,12-07-2024
ORD000795,CUST0060,External SSD 1TB,1.0,62.51,USD,2024-03-26
ORD002150,CUST0040,Mechanical Keyboard,2.0,1599.82,USD,05-09-2025
ORD000147,CUST0222,Noise Cancelling Headphones,2.0,943.16,USD,2024/08/26
ORD000470,CUST0117,Mechanical Keyboard,2.0,499.03,USD,2025-04-09
ORD001811,CUST0099,USB-C Hub,1.0,1411.1,EUR,31/12/2024
ORD001437,CUST0135,Laptop Pro 15,1.0,1317.03,GBP,22/01/2024
ORD002660,CUST0063,USB-C Hub,1.0,1389.29,GBP,2024-09-03
ORD002440,CUST0133,USB-C Hub,3.0,834.59,USD,12/09/2024
ORD000953,CUST0270,USB-C Hub,1.0,1393.18,EUR,17/04/2024
ORD001080,CUST0121,27in Monitor,3.0,415.01,USD,2024/06/27
ORD000066,CUST0029,Standing Desk,2.0,1016.95,GBP,01/08/2024
ORD000622,CUST0081,Standing Desk,2.0,1236.46,EUR,05/07/2024
ORD002114,CUST0382,Noise Cancelling Headphones,2.0,1175.35,GBP,2024-12-23
ORD002473,CUST0365,Standing Desk,2.0,341.47,USD,17/02/2024
ORD000959,CUST0055,27in Monitor,1.0,254.5,USD,2024-03-31
ORD001955,CUST0201,Laptop Pro 15,2.0,1724.63,EUR,05-11-2024
ORD002702,CUST0312,USB-C Hub,5.0,894.66,AUD,2024/07/21
ORD000030,CUST0232,Laptop Pro 15,1.0,939.24,USD,2025-04-27
ORD001798,CUST0040,27in Monitor,1.0,126.38,GBP,09/04/2025
ORD001682,CUST0118,Noise Cancelling Headphones,2.0,272.13,INR,2024/02/16
ORD000503,CUST0363,Laptop Pro 15,1.0,827.77,USD,15/09/2024
ORD000312,CUST0008,Mechanical Keyboard,2.0,1124.48,INR,02-09-2024
ORD001977,CUST0067,Mechanical Keyboard,5.0,1583.98,GBP,02-04-2025
ORD002338,CUST0214,Webcam HD,1.0,,INR,07/11/2024
ORD001550,CUST0263,Office Chair,,1284.27,USD,2024-04-14
ORD002820,CUST0206,USB-C Hub,2.0,1671.33,EUR,2024-01-03
ORD000639,CUST0138,Laptop Pro 15,2.0,1047.75,EUR,01-10-2025
ORD001228,CUST0111,Standing Desk,1.0,547.23,EUR,2024/02/09
ORD002443,CUST0300,Noise Cancelling Headphones,3.0,1260.55,EUR,2025-02-17
ORD002069,CUST0072,Mechanical Keyboard,2.0,823.75,GBP,2024/10/14
ORD001627,CUST0314,Laptop Pro 15,5.0,1243.82,GBP,19/03/2024
ORD000658,CUST0045,External SSD 1TB,2.0,1219.39,AUD,2024-03-12
ORD000854,CUST0057,Mechanical Keyboard,2.0,548.07,USD,2025/03/30
ORD001804,CUST0153,Wireless Mouse,2.0,1709.13,EUR,03-13-2025
ORD000130,CUST0390,USB-C Hub,2.0,406.55,INR,2025-05-12
ORD000647,CUST0081,Noise Cancelling Headphones,5.0,916.64,USD,20/03/2025
ORD000140,CUST0367,Webcam HD,3.0,207.53,USD,2024-10-03
ORD001564,CUST0340,Office Chair,2.0,1419.68,INR,21/12/2024
ORD002538,CUST0360,Laptop Pro 15,1.0,255.72,USD,10/02/2024
ORD000532,CUST0308,Wireless Mouse,2.0,690.28,EUR,03/11/2024
ORD000034,CUST0127,USB-C Hub,1.0,230.33,AUD,02-19-2024
ORD000896,CUST0157,Wireless Mouse,2.0,1414.06,INR,19/04/2025
ORD002494,CUST0019,USB-C Hub,5.0,218.44,USD,09/02/2025
ORD001128,CUST0225,Office Chair,2.0,1092.91,INR,06-10-2024
ORD000584,CUST0160,Laptop Pro 15,3.0,24.4,AUD,2025/04/13
ORD000160,CUST0167,Office Chair,5.0,1159.92,USD,2025-01-12
ORD001099,CUST0098,Mechanical Keyboard,2.0,1540.81,USD,2024/10/11
ORD001580,CUST0253,Mechanical Keyboard,2.0,20.96,USD,2025/03/27
ORD000132,CUST0086,27in Monitor,2.0,1584.35,USD,16/09/2024
ORD002464,CUST0276,Mechanical Keyboard,1.0,1210.49,USD,2024-09-27
ORD000551,CUST0236,USB-C Hub,2.0,20.01,AUD,01-21-2024
ORD000856,CUST0224,Standing Desk,,884.18,AUD,2024-06-08
ORD001657,CUST0281,Wireless Mouse,2.0,567.61,USD,11-29-2024
ORD001393,CUST0399,Webcam HD,2.0,1314.0,USD,23/09/2024
ORD001106,CUST0202,External SSD 1TB,1.0,575.14,AUD,18/06/2024
ORD000986,CUST0009,External SSD 1TB,1.0,1372.22,AUD,2024-11-26
ORD000855,CUST0366,USB-C Hub,2.0,1445.41,GBP,2024/12/03
ORD002495,CUST0016,Laptop Pro 15,2.0,1694.65,USD,03/08/2024
ORD002792,CUST0328,27in Monitor,1.0,828.46,AUD,25/05/2024
ORD000809,CUST0240,Mechanical Keyboard,1.0,1331.08,USD,04/01/2025
ORD000044,CUST0161,USB-C Hub,5.0,1078.95,USD,03/02/2024
ORD001058,CUST0149,Noise Cancelling Headphones,5.0,553.46,USD,2024-03-19
ORD001322,CUST0303,Noise Cancelling Headphones,5.0,302.37,USD,24/02/2024
ORD001854,CUST0395,Office Chair,2.0,1236.71,USD,2024-01-25
ORD001799,CUST0169,Mechanical Keyboard,2.0,1550.77,USD,03-06-2025
ORD001993,CUST0012,Webcam HD,1.0,966.82,USD,2025-01-05
ORD001329,CUST0006,Webcam HD,3.0,1295.5,USD,2025/04/12
ORD002903,CUST0009,USB-C Hub,2.0,1362.46,USD,03-20-2024
ORD002257,CUST0145,Standing Desk,1.0,1268.98,USD,2024/01/02
ORD001161,CUST0333,Wireless Mouse,1.0,1260.65,GBP,2024-12-17
ORD001387,CUST0240,Office Chair,2.0,1676.59,EUR,04/01/2024
ORD002262,CUST0040,Webcam HD,3.0,238.25,USD,09-23-2024
ORD001192,CUST0307,Office Chair,2.0,531.91,EUR,2024-02-02
ORD001969,CUST0044,Noise Cancelling Headphones,2.0,407.79,AUD,2024-09-16
ORD000657,CUST0288,Standing Desk,2.0,512.89,USD,2025-01-06
ORD002915,CUST0019,Webcam HD,3.0,1740.38,GBP,03-31-2025
ORD002716,CUST0285,USB-C Hub,5.0,899.36,AUD,11-09-2024
ORD000392,CUST0162,USB-C Hub,5.0,902.27,EUR,2024-01-23
ORD000237,CUST0041,27in Monitor,5.0,356.71,USD,11/03/2025
ORD001184,CUST0354,Wireless Mouse,2.0,1706.42,INR,04-12-2024
ORD001461,CUST0003,External SSD 1TB,2.0,744.66,USD,2024-11-09
ORD000944,CUST0192,Laptop Pro 15,3.0,1428.55,EUR,05/09/2024
ORD000447,CUST0162,Office Chair,1.0,1216.79,USD,27/03/2025
ORD001825,CUST0376,External SSD 1TB,2.0,1662.35,EUR,2024-05-02
ORD001609,CUST0048,Office Chair,2.0,1409.23,USD,14/05/2025
ORD000009,CUST0220,Wireless Mouse,2.0,1658.97,EUR,05-03-2024
ORD002781,CUST0023,Standing Desk,5.0,1357.72,USD,10-05-2024
ORD002433,CUST0061,USB-C Hub,3.0,388.88,EUR,22/01/2025
ORD000568,CUST0180,Standing Desk,1.0,846.32,USD,19/03/2025
ORD001687,CUST0231,Mechanical Keyboard,1.0,1243.45,USD,2025-01-17
ORD002910,CUST0269,27in Monitor,2.0,767.9,GBP,09-10-2024
ORD002117,CUST0368,Noise Cancelling Headphones,1.0,34.31,GBP,05-10-2024
ORD001857,CUST0190,Wireless Mouse,1.0,798.33,INR,13/05/2024
ORD000884,CUST0307,Laptop Pro 15,1.0,1649.6,EUR,29/08/2024
ORD001034,CUST0250,External SSD 1TB,2.0,256.55,AUD,23/07/2024
ORD002928,CUST0397,Wireless Mouse,5.0,757.77,USD,2024/05/14
ORD001209,CUST0015,27in Monitor,5.0,702.86,INR,15/04/2024
ORD001751,CUST0263,External SSD 1TB,1.0,1070.37,USD,02/10/2024
ORD000484,CUST0101,USB-C Hub,1.0,570.53,USD,07-26-2024
ORD001592,CUST0007,Webcam HD,1.0,1083.06,INR,2024-04-19
ORD001307,CUST0184,Mechanical Keyboard,1.0,112.15,EUR,04-13-2025
ORD001906,CUST0063,Noise Cancelling Headphones,3.0,642.4,USD,23/08/2024
ORD001062,CUST0153,Laptop Pro 15,1.0,1357.14,USD,26/01/2024
ORD000222,CUST0214,Wireless Mouse,3.0,1102.72,EUR,16/01/2025
ORD000046,CUST0127,USB-C Hub,5.0,1491.69,EUR,2024-02-03
ORD000215,CUST0261,Laptop Pro 15,2.0,1493.66,EUR,2024-04-12
ORD000667,CUST0151,Webcam HD,1.0,681.57,GBP,2024/11/01
ORD001443,CUST0055,External SSD 1TB,2.0,0.0,EUR,2024/06/14
ORD002029,CUST0324,Laptop Pro 15,2.0,783.79,USD,2024/03/10
ORD002344,CUST0349,Laptop Pro 15,2.0,809.31,GBP,23/12/2024
ORD001112,CUST0115,Wireless Mouse,5.0,790.44,EUR,07-22-2024
ORD002802,CUST0016,Noise Cancelling Headphones,2.0,717.69,USD,02-23-2025
ORD000661,CUST0023,Webcam HD,5.0,,USD,2024-04-16
ORD002404,CUST0217,Office Chair,5.0,702.94,USD,2024-02-02
ORD001429,CUST0117,Mechanical Keyboard,2.0,265.68,INR,11-01-2024
ORD002341,CUST0357,Noise Cancelling Headphones,2.0,88.18,USD,2024/02/05
ORD001730,CUST0035,27in Monitor,5.0,,USD,09/03/2024
ORD001617,CUST0372,Laptop Pro 15,5.0,1504.75,AUD,2024-12-19
ORD002932,CUST0273,Standing Desk,5.0,1506.71,INR,2024-01-19
ORD000466,CUST0044,27in Monitor,5.0,1528.6,INR,20/01/2025
ORD001868,CUST0207,Webcam HD,2.0,807.61,INR,12-28-2024
ORD001917,CUST0170,Webcam HD,2.0,1690.8,USD,2024-08-07
ORD001073,CUST0011,Laptop Pro 15,1.0,565.5,INR,2024/12/10
ORD000806,CUST0175,Wireless Mouse,1.0,887.54,USD,05/03/2025
ORD002244,CUST0194,Webcam HD,5.0,95.21,USD,04-22-2025
ORD001131,CUST0185,Standing Desk,2.0,132.68,GBP,2025/02/12
ORD001233,CUST0015,Noise Cancelling Headphones,2.0,797.56,EUR,11-24-2024
ORD002165,CUST0377,Wireless Mouse,2.0,1748.91,INR,2025/01/07
ORD001975,CUST0374,Office Chair,2.0,1763.41,EUR,05-06-2024
ORD001360,CUST0260,Noise Cancelling Headphones,2.0,815.54,GBP,03-27-2025
ORD002626,CUST0382,27in Monitor,3.0,633.19,USD,31/12/2024
ORD000642,CUST0372,External SSD 1TB,3.0,1059.92,USD,01/05/2024
ORD001288,CUST0075,Standing Desk,5.0,670.01,USD,03-23-2024
ORD002968,CUST0156,27in Monitor,2.0,479.05,USD,2024/12/29
ORD000298,CUST0114,Mechanical Keyboard,2.0,113.91,EUR,2025-03-01
ORD002448,CUST0325,Noise Cancelling Headphones,1.0,1454.43,GBP,10-22-2024
ORD000117,CUST0251,Laptop Pro 15,3.0,361.74,USD,09-15-2024
ORD000430,CUST0013,Laptop Pro 15,5.0,1704.08,USD,2024-09-04
ORD000574,CUST0075,Wireless Mouse,2.0,762.76,INR,2024-09-14
ORD002228,CUST0396,Noise Cancelling Headphones,5.0,1198.32,EUR,09-10-2024
ORD002222,CUST0260,Office Chair,1.0,843.38,AUD,01-10-2025
ORD000456,CUST0056,External SSD 1TB,1.0,1769.0,USD,24/01/2024
ORD000591,CUST0353,USB-C Hub,2.0,977.29,GBP,2025-02-14
ORD001968,CUST0344,Webcam HD,1.0,1373.73,EUR,2024-05-26
ORD002550,CUST0029,External SSD 1TB,2.0,1436.29,EUR,2025-04-20
ORD000397,CUST0394,External SSD 1TB,5.0,94.74,USD,10-05-2024
ORD000560,CUST0134,Office Chair,2.0,1162.13,EUR,16/06/2024
ORD000443,CUST0044,Laptop Pro 15,1.0,1423.16,USD,2024-01-04
ORD000394,CUST0037,USB-C Hub,2.0,1196.92,USD,2024-05-22
ORD000749,CUST0189,Standing Desk,3.0,1501.87,GBP,06-02-2024
ORD002320,CUST0251,27in Monitor,5.0,1590.98,USD,2024/04/03
ORD000398,CUST0212,Webcam HD,1.0,1712.95,AUD,05/11/2024
ORD000094,CUST0333,27in Monitor,1.0,307.71,USD,2024/03/12
ORD002943,CUST0210,Laptop Pro 15,3.0,881.29,USD,2024/09/10
ORD001344,CUST0086,External SSD 1TB,1.0,1753.99,USD,2024/04/28
ORD000956,CUST0251,Noise Cancelling Headphones,5.0,156.19,USD,2025/03/04
ORD001522,CUST0108,Webcam HD,2.0,1330.85,INR,2025/01/15
ORD002415,CUST0145,Noise Cancelling Headphones,2.0,104.31,USD,2024/05/19
ORD000125,CUST0175,External SSD 1TB,2.0,1324.79,INR,15/11/2024
ORD001059,CUST0214,27in Monitor,2.0,495.67,GBP,2024-03-24
ORD001253,CUST0398,Office Chair,3.0,1574.46,INR,2024-11-27
ORD001375,CUST0113,Wireless Mouse,2.0,1508.81,USD,16/07/2024
ORD002794,CUST0329,Office Chair,3.0,666.88,USD,08-25-2024
ORD001903,CUST0001,External SSD 1TB,1.0,1282.35,USD,2025-03-29
ORD000449,CUST0112,USB-C Hub,1.0,569.73,USD,17/03/2025
ORD001134,CUST0110,External SSD 1TB,2.0,582.05,USD,2025-03-24
ORD001377,CUST0249,Standing Desk,3.0,696.64,USD,2024/09/06
ORD001055,CUST0150,External SSD 1TB,2.0,530.53,INR,2024-10-28
ORD002690,CUST0383,Mechanical Keyboard,5.0,797.32,GBP,2025-02-03
ORD002383,CUST0151,Webcam HD,2.0,1404.91,AUD,2024/03/03
ORD001298,CUST0387,External SSD 1TB,1.0,1420.85,GBP,04-06-2025
ORD001176,CUST0278,Webcam HD,1.0,1647.45,USD,2024/03/07
ORD002539,CUST0055,External SSD 1TB,1.0,593.77,GBP,04-24-2024
ORD002595,CUST0257,External SSD 1TB,2.0,927.83,AUD,2025/02/14
ORD000717,CUST0223,Office Chair,,569.66,INR,2024-11-18
ORD000480,CUST0267,Office Chair,1.0,480.97,INR,31/03/2024
ORD001409,CUST0006,Wireless Mouse,1.0,1036.37,USD,10/06/2024
ORD002191,CUST0289,Webcam HD,2.0,1718.42,AUD,2024/01/10
ORD000998,CUST0014,27in Monitor,2.0,1361.55,INR,04-21-2024
ORD001358,CUST0319,Office Chair,-1.0,1442.47,EUR,22/07/2024
ORD002916,CUST0342,Noise Cancelling Headphones,2.0,1216.61,EUR,18/01/2025
ORD001453,CUST0039,27in Monitor,1.0,1761.51,INR,16/10/2024
ORD001625,CUST0060,Laptop Pro 15,2.0,1171.83,USD,2025-03-01
ORD000575,CUST0355,Wireless Mouse,3.0,1262.94,EUR,05/12/2024
ORD001336,CUST0309,USB-C Hub,2.0,290.18,USD,23/01/2025
ORD000414,CUST0337,USB-C Hub,5.0,841.02,GBP,2024/03/16
ORD001819,CUST0370,Noise Cancelling Headphones,5.0,0.0,AUD,2024-10-09
ORD002193,CUST0020,Noise Cancelling Headphones,3.0,581.55,EUR,17/03/2024
ORD002455,CUST0207,Mechanical Keyboard,,120.08,EUR,07-03-2024
ORD000895,CUST0051,Standing Desk,2.0,445.44,GBP,04-22-2025
ORD002567,CUST0156,Laptop Pro 15,,,USD,02/04/2025
ORD002267,CUST0256,Office Chair,2.0,1632.76,GBP,2024/04/08
ORD002396,CUST0371,External SSD 1TB,3.0,514.66,AUD,04/05/2024
ORD001105,CUST0360,Wireless Mouse,3.0,633.17,USD,2024-07-18
ORD002395,CUST0073,Laptop Pro 15,2.0,1319.47,USD,2024-10-01
ORD000389,CUST0344,Laptop Pro 15,2.0,1472.59,USD,2024-02-29
ORD000863,CUST0396,Mechanical Keyboard,2.0,1798.24,EUR,01-07-2024
ORD002337,CUST0236,Wireless Mouse,2.0,89.24,AUD,11-13-2024
ORD001971,CUST0231,27in Monitor,1.0,815.02,EUR,02-23-2025
ORD001011,CUST0291,Mechanical Keyboard,2.0,250.07,AUD,2025/04/12
ORD001115,CUST0384,External SSD 1TB,2.0,899.45,EUR,2024/04/30
ORD002573,CUST0374,USB-C Hub,-1.0,354.1,USD,2024/01/14
ORD002273,CUST0161,USB-C Hub,2.0,1136.95,EUR,01/02/2025
ORD001830,CUST0207,USB-C Hub,3.0,1187.51,USD,2024-05-25
ORD000363,CUST0210,Wireless Mouse,1.0,199.5,GBP,06-03-2024
ORD002287,CUST0177,Laptop Pro 15,2.0,982.42,EUR,03-09-2024
ORD000017,CUST0191,Office Chair,2.0,947.47,EUR,03-19-2025
ORD002230,CUST0335,Office Chair,3.0,1033.88,USD,08-13-2024
ORD002110,CUST0038,Wireless Mouse,1.0,120.13,INR,2024/08/17
ORD002306,CUST0071,USB-C Hub,1.0,419.22,AUD,2025/03/22
ORD001480,CUST0088,Office Chair,3.0,468.4,INR,2025/01/27
ORD002872,CUST0163,Laptop Pro 15,5.0,227.49,USD,19/04/2024
ORD001913,CUST0256,Webcam HD,2.0,995.11,GBP,2024/11/10
ORD000417,CUST0165,Wireless Mouse,1.0,890.0,INR,03/05/2025
ORD001648,CUST0105,Office Chair,5.0,825.56,EUR,26/04/2024
ORD000381,CUST0019,Webcam HD,5.0,1502.42,INR,2024-02-10
ORD000615,CUST0140,Office Chair,5.0,511.23,EUR,2024/05/08
ORD001762,CUST0214,Mechanical Keyboard,3.0,325.99,USD,30/07/2024
ORD002020,CUST0287,USB-C Hub,1.0,33.92,INR,2024/05/27
ORD002271,CUST0164,USB-C Hub,1.0,414.53,USD,2024/05/13
ORD001863,CUST0159,External SSD 1TB,1.0,979.79,INR,2024/11/19
ORD001389,CUST0312,Laptop Pro 15,2.0,815.06,GBP,06/05/2024
ORD001197,CUST0119,USB-C Hub,2.0,18.48,AUD,10/04/2025
ORD002547,CUST0241,USB-C Hub,3.0,1099.96,EUR,02-01-2024
ORD002108,CUST0172,Noise Cancelling Headphones,2.0,297.4,AUD,2025-02-19
ORD000760,CUST0381,Mechanical Keyboard,3.0,808.86,AUD,08-28-2024
ORD001243,CUST0289,External SSD 1TB,2.0,180.43,EUR,2024-05-20
ORD000325,CUST0210,Laptop Pro 15,3.0,821.17,USD,03-24-2025
ORD000001,CUST0176,27in Monitor,1.0,584.37,AUD,2024-04-13
ORD002828,CUST0202,USB-C Hub,5.0,223.13,EUR,2024-01-03
ORD002890,CUST0267,Wireless Mouse,3.0,211.31,EUR,22/11/2024
ORD001739,CUST0244,Webcam HD,2.0,519.59,GBP,06-13-2024
ORD002343,CUST0300,USB-C Hub,1.0,1331.46,INR,2024-06-12
ORD002105,CUST0380,Standing Desk,2.0,360.07,INR,2024-04-24
ORD001030,CUST0216,USB-C Hub,3.0,820.82,GBP,2024-03-11
ORD002526,CUST0387,USB-C Hub,1.0,194.94,USD,2025/05/14
ORD001604,CUST0121,USB-C Hub,5.0,189.59,AUD,2024-02-18
ORD001997,CUST0089,External SSD 1TB,1.0,906.93,USD,11/03/2024
ORD002200,CUST0069,Noise Cancelling Headphones,2.0,146.04,USD,01/04/2024
ORD002623,CUST0273,Laptop Pro 15,5.0,1109.73,USD,01/05/2024
ORD001090,CUST0265,Webcam HD,1.0,932.78,USD,2025-03-26
ORD002460,CUST0229,27in Monitor,3.0,1180.12,INR,07/03/2024
ORD000803,CUST0076,27in Monitor,2.0,1228.57,GBP,2024-10-20
ORD002925,CUST0054,USB-C Hub,1.0,915.07,USD,24/04/2025
ORD000873,CUST0173,Mechanical Keyboard,1.0,1216.01,INR,2025/03/25
ORD002721,CUST0280,Wireless Mouse,3.0,286.41,AUD,10-03-2024
ORD002276,CUST0340,Standing Desk,5.0,257.8,EUR,2024/11/18
ORD000376,CUST0270,Mechanical Keyboard,2.0,342.36,GBP,04/11/2024
ORD002049,CUST0397,27in Monitor,1.0,0.0,USD,10/12/2024
ORD001565,CUST0140,External SSD 1TB,1.0,752.43,USD,2024-03-17
ORD001060,CUST0132,Office Chair,5.0,790.15,EUR,12-12-2024
ORD001862,CUST0256,Mechanical Keyboard,1.0,1738.97,INR,17/02/2025
ORD002023,CUST0107,Webcam HD,2.0,1094.48,GBP,18/05/2024
ORD002367,CUST0116,USB-C Hub,,1347.6,GBP,2024/09/16
ORD000284,CUST0088,External SSD 1TB,5.0,168.95,GBP,01-27-2025
ORD000631,CUST0350,External SSD 1TB,2.0,1648.43,EUR,29/05/2024
ORD002865,CUST0189,Webcam HD,3.0,1657.92,USD,02-13-2024
ORD000866,CUST0329,Laptop Pro 15,3.0,1663.89,INR,2025/01/22
ORD002649,CUST0106,Webcam HD,1.0,1556.18,EUR,2025/03/28
ORD002778,CUST0092,27in Monitor,5.0,1363.89,USD,19/03/2025
ORD001893,CUST0254,27in Monitor,3.0,1170.58,AUD,10-10-2024
ORD001765,CUST0223,Webcam HD,2.0,929.46,USD,2024/03/18
ORD001097,CUST0397,Webcam HD,2.0,966.32,INR,2024/06/03
ORD001692,CUST0347,USB-C Hub,5.0,564.28,USD,2025-01-27
ORD002970,CUST0325,27in Monitor,5.0,573.01,USD,10-06-2024
ORD002266,CUST0269,Laptop Pro 15,1.0,259.48,AUD,09-23-2024
ORD000148,CUST0004,External SSD 1TB,5.0,1063.6,USD,12-13-2024
ORD001462,CUST0065,USB-C Hub,-1.0,689.97,EUR,2025-03-01
ORD002695,CUST0251,27in Monitor,1.0,1042.78,USD,2024/10/09
ORD000632,CUST0007,Laptop Pro 15,,1408.7,EUR,2024/03/15
ORD000351,CUST0144,27in Monitor,1.0,1197.21,EUR,02/02/2025
ORD002671,CUST0322,Wireless Mouse,2.0,1772.35,INR,2024/07/09
ORD001321,CUST0195,USB-C Hub,2.0,149.34,EUR,2024/03/30
ORD002535,CUST0226,External SSD 1TB,2.0,509.1,USD,2024/09/18
ORD000566,CUST0078,Noise Cancelling Headphones,1.0,1211.66,USD,2024/05/15
ORD000483,CUST0243,Mechanical Keyboard,1.0,1449.25,INR,05-10-2024
ORD002052,CUST0207,Mechanical Keyboard,1.0,174.25,INR,05/09/2024
ORD002446,CUST0215,27in Monitor,3.0,318.49,INR,05/05/2025
ORD001448,CUST0191,Office Chair,,1406.37,EUR,2024/04/17
ORD002194,CUST0156,27in Monitor,2.0,1413.03,INR,26/10/2024
ORD000128,CUST0235,Laptop Pro 15,2.0,1120.34,USD,01-09-2024
ORD000579,CUST0088,Office Chair,1.0,590.47,GBP,03/11/2024
ORD002967,CUST0304,Wireless Mouse,3.0,885.04,INR,07-14-2024
ORD002063,CUST0328,Office Chair,1.0,1276.49,USD,07-16-2024
ORD000544,CUST0372,27in Monitor,1.0,1516.9,GBP,25/03/2024
ORD002208,CUST0263,Laptop Pro 15,2.0,1425.27,EUR,2024-06-19
ORD002423,CUST0338,Laptop Pro 15,2.0,688.32,INR,2025-01-30
ORD002672,,External SSD 1TB,2.0,166.0,USD,2024/02/27
ORD000356,CUST0289,Webcam HD,1.0,707.07,INR,2024/01/12
ORD002119,CUST0004,USB-C Hub,3.0,1142.41,AUD,21/03/2025
ORD002873,CUST0146,Wireless Mouse,5.0,1704.25,GBP,2025/03/30
ORD001075,CUST0171,Mechanical Keyboard,1.0,166.57,USD,22/12/2024
ORD000364,CUST0065,USB-C Hub,2.0,1121.09,USD,05-03-2025
ORD001757,CUST0347,Noise Cancelling Headphones,1.0,1648.22,EUR,30/12/2024
ORD000797,CUST0299,Wireless Mouse,1.0,0.0,INR,2025/04/03
ORD002329,CUST0009,Wireless Mouse,2.0,109.55,USD,28/01/2025
ORD002691,CUST0144,27in Monitor,1.0,1141.87,USD,2024/12/05
ORD001366,CUST0382,Office Chair,5.0,1288.38,USD,2024-09-05
ORD002560,CUST0014,Standing Desk,2.0,358.02,AUD,2024/06/08
ORD001520,CUST0013,27in Monitor,1.0,1072.75,INR,2024/09/24
ORD001995,CUST0148,Laptop Pro 15,1.0,1600.95,INR,03/10/2024
ORD000054,CUST0198,USB-C Hub,5.0,1743.62,EUR,2025/04/29
ORD002206,CUST0369,Webcam HD,1.0,381.36,USD,2024-10-24
ORD000746,CUST0023,External SSD 1TB,1.0,176.56,USD,2025-03-19
ORD001646,CUST0159,USB-C Hub,1.0,1602.41,AUD,2024/04/07
ORD002166,CUST0335,USB-C Hub,1.0,382.16,USD,12-14-2024
ORD001241,CUST0376,27in Monitor,2.0,1365.42,GBP,04-21-2025
ORD000063,CUST0323,Standing Desk,1.0,1501.68,USD,06-15-2024
ORD001341,CUST0146,Mechanical Keyboard,3.0,518.47,GBP,2024-12-16
ORD001190,CUST0035,Noise Cancelling Headphones,1.0,80.52,USD,28/03/2025
ORD000457,CUST0235,27in Monitor,2.0,333.2,INR,2024/05/07
ORD002819,CUST0011,External SSD 1TB,,1162.27,EUR,11-30-2024
ORD001749,CUST0098,Webcam HD,,46.48,USD,09-18-2024
ORD002950,CUST0297,External SSD 1TB,2.0,1552.02,EUR,12-26-2024
ORD000007,CUST0350,Standing Desk,2.0,508.58,EUR,2025/01/26
ORD002387,CUST0378,27in Monitor,1.0,899.12,USD,19/01/2024
ORD001282,CUST0325,Laptop Pro 15,1.0,332.84,AUD,12/04/2025
ORD000634,CUST0254,USB-C Hub,1.0,1081.46,EUR,2024-03-26
ORD001150,CUST0109,Laptop Pro 15,-1.0,26.79,EUR,30/08/2024
ORD001958,CUST0342,Noise Cancelling Headphones,3.0,422.48,GBP,08/02/2024
ORD002788,CUST0023,Laptop Pro 15,2.0,1000.41,EUR,03-01-2025
ORD002771,CUST0320,External SSD 1TB,3.0,328.28,INR,22/08/2024
ORD001776,CUST0130,Noise Cancelling Headphones,1.0,1649.7,EUR,20/09/2024
ORD002657,CUST0111,Webcam HD,1.0,1068.47,GBP,2025-04-15
ORD000695,CUST0232,Mechanical Keyboard,3.0,794.33,INR,2025-04-05
ORD000613,CUST0333,Laptop Pro 15,1.0,1776.4,GBP,04-01-2025
ORD002740,CUST0125,Laptop Pro 15,5.0,620.0,GBP,10-04-2024
ORD002181,CUST0192,Mechanical Keyboard,2.0,1509.82,GBP,2024/12/03
ORD000465,CUST0318,USB-C Hub,2.0,1369.56,USD,01-17-2025
ORD002850,CUST0059,Webcam HD,5.0,1315.53,GBP,06/01/2025
ORD002012,CUST0071,USB-C Hub,5.0,,AUD,2024/03/02
ORD002780,CUST0341,27in Monitor,1.0,773.46,EUR,03/02/2025
ORD002694,CUST0384,External SSD 1TB,5.0,468.52,GBP,25/02/2025
ORD000819,CUST0046,Noise Cancelling Headphones,2.0,704.27,EUR,2024-03-25
ORD001178,,Standing Desk,2.0,345.66,GBP,06-18-2024
ORD001466,CUST0179,Mechanical Keyboard,1.0,636.23,EUR,09-03-2024
ORD001477,CUST0006,External SSD 1TB,3.0,254.41,EUR,09-30-2024
ORD001436,CUST0033,Standing Desk,5.0,1110.4,EUR,2024-01-29
ORD001504,CUST0400,USB-C Hub,1.0,82.66,EUR,2024/04/22
ORD000773,CUST0373,Wireless Mouse,1.0,1564.64,EUR,2024-11-16
ORD000729,CUST0347,Standing Desk,2.0,1100.3,USD,2025-02-15
ORD001800,CUST0018,External SSD 1TB,3.0,262.44,INR,2025/02/12
ORD002414,CUST0038,USB-C Hub,2.0,788.02,EUR,30/03/2024
ORD001631,CUST0232,External SSD 1TB,1.0,56.61,USD,2024-11-20
ORD002025,CUST0268,27in Monitor,1.0,455.04,USD,02-21-2025
ORD002450,CUST0007,Office Chair,1.0,948.56,USD,2025/01/24
ORD002686,CUST0185,Standing Desk,3.0,1148.38,EUR,2024/08/13
ORD001124,CUST0378,Noise Cancelling Headphones,1.0,1393.2,GBP,12/03/2024
ORD001727,CUST0277,Office Chair,1.0,367.29,USD,2025/03/11
ORD000298,CUST0114,Mechanical Keyboard,2.0,113.91,EUR,2025-03-01
ORD002731,CUST0316,Webcam HD,2.0,40.17,INR,2025-03-26
ORD000321,CUST0139,Webcam HD,1.0,1226.48,INR,21/05/2024
ORD001272,CUST0154,USB-C Hub,3.0,235.65,INR,2024/03/18
ORD000197,CUST0020,External SSD 1TB,1.0,50.51,USD,29/03/2024
ORD002752,CUST0110,27in Monitor,2.0,86.59,INR,2024/06/20
ORD001820,CUST0372,27in Monitor,2.0,25.95,USD,2025/01/01
ORD001269,CUST0399,USB-C Hub,3.0,1458.95,EUR,2024/04/02
ORD000520,CUST0270,Noise Cancelling Headphones,2.0,1084.52,EUR,2024/11/11
ORD000813,CUST0256,USB-C Hub,2.0,201.03,USD,2024-08-27
ORD001884,CUST0211,Laptop Pro 15,1.0,296.87,INR,24/01/2025
ORD001660,CUST0295,Mechanical Keyboard,1.0,1394.46,USD,2025/04/18
ORD000882,CUST0374,Standing Desk,2.0,70.19,USD,2024-11-25
ORD001353,CUST0167,Laptop Pro 15,,1323.98,USD,2024/07/20
ORD002758,CUST0305,Mechanical Keyboard,1.0,382.1,INR,07-16-2024
ORD001474,CUST0144,27in Monitor,1.0,1637.86,USD,2024/10/10
ORD001873,CUST0329,Standing Desk,5.0,438.84,EUR,2024-12-31
ORD001848,CUST0049,Webcam HD,2.0,118.02,INR,10-17-2024
ORD001715,CUST0257,Laptop Pro 15,3.0,984.82,AUD,2024/06/03
ORD000618,CUST0073,Webcam HD,5.0,1361.12,USD,13/05/2025
ORD001556,CUST0381,Standing Desk,3.0,156.35,EUR,2024-06-28
ORD000827,CUST0315,Wireless Mouse,2.0,869.92,USD,2024/07/28
ORD002454,CUST0184,Standing Desk,5.0,1791.49,USD,2024-11-23
ORD002926,CUST0321,Standing Desk,1.0,1307.05,INR,2024-12-08
ORD001416,CUST0296,External SSD 1TB,1.0,530.95,GBP,2025/03/26
ORD002329,CUST0009,Wireless Mouse,2.0,109.55,USD,28/01/2025
ORD001345,CUST0229,Laptop Pro 15,1.0,203.3,USD,2025-05-08
ORD000254,CUST0065,Webcam HD,5.0,44.6,INR,2024/09/14
ORD001495,CUST0115,Laptop Pro 15,1.0,608.28,EUR,2024-09-29
ORD002136,CUST0341,27in Monitor,1.0,207.49,USD,04-06-2025
ORD000824,CUST0214,Laptop Pro 15,2.0,1048.41,USD,2024-07-22
ORD001853,CUST0258,27in Monitor,5.0,1237.97,USD,09/07/2024
ORD002176,CUST0195,USB-C Hub,1.0,916.01,EUR,2024-08-15
ORD002750,CUST0351,External SSD 1TB,1.0,271.95,USD,2024/07/30
ORD002492,CUST0265,27in Monitor,2.0,1690.91,USD,2025-01-13
ORD001035,CUST0329,Wireless Mouse,1.0,1360.37,EUR,04/02/2025
ORD001081,CUST0391,27in Monitor,5.0,687.13,EUR,2024-04-16
ORD001594,CUST0209,Wireless Mouse,2.0,292.63,USD,2025-04-30
ORD000850,CUST0343,External SSD 1TB,1.0,1291.29,USD,12-27-2024
ORD000792,CUST0217,Noise Cancelling Headphones,1.0,590.9,USD,20/12/2024
ORD000713,CUST0263,Mechanical Keyboard,1.0,215.07,GBP,17/07/2024
ORD000546,CUST0131,Laptop Pro 15,3.0,412.76,USD,2024/02/25
ORD001849,CUST0369,Laptop Pro 15,2.0,525.85,AUD,2024/08/21
ORD001510,CUST0001,Webcam HD,3.0,586.45,USD,2024-08-01
ORD000719,CUST0106,Wireless Mouse,5.0,714.12,INR,2024-06-06
ORD001101,CUST0357,27in Monitor,1.0,675.89,EUR,18/08/2024
ORD001111,CUST0077,27in Monitor,2.0,0.0,AUD,2024/09/25
ORD002386,CUST0025,27in Monitor,3.0,1213.0,INR,2024/09/09
ORD000968,CUST0187,Laptop Pro 15,5.0,102.0,USD,2024/03/17
ORD002260,CUST0184,Office Chair,1.0,892.32,USD,01-23-2024
ORD001159,CUST0173,Standing Desk,2.0,958.18,EUR,2024-01-11
ORD001232,CUST0005,Mechanical Keyboard,,1458.52,USD,2024/12/14
ORD002991,CUST0309,Office Chair,1.0,1483.65,INR,2024-09-15
ORD002985,CUST0214,Office Chair,5.0,1703.97,INR,01-19-2025
ORD001490,CUST0118,USB-C Hub,1.0,772.81,AUD,12-08-2024
ORD002784,CUST0348,USB-C Hub,2.0,595.52,AUD,01-10-2025
ORD001959,CUST0017,USB-C Hub,2.0,870.83,EUR,2024-05-18
ORD001258,CUST0282,Laptop Pro 15,1.0,520.16,USD,2025/05/10
ORD000561,CUST0220,External SSD 1TB,2.0,435.76,GBP,2025-04-26
ORD001222,CUST0329,USB-C Hub,1.0,413.46,EUR,2024-05-27
ORD002005,CUST0269,Standing Desk,1.0,1497.85,USD,2024/12/11
ORD002107,CUST0230,Webcam HD,2.0,281.66,USD,11/03/2025
ORD001442,CUST0054,Wireless Mouse,2.0,1046.73,EUR,2024/11/08
ORD001181,CUST0388,Standing Desk,5.0,180.73,AUD,01-26-2025
ORD001667,CUST0001,Standing Desk,2.0,72.87,GBP,04-20-2024
ORD000405,CUST0400,Noise Cancelling Headphones,1.0,740.36,EUR,2024-10-27
ORD000741,CUST0076,Wireless Mouse,2.0,604.09,EUR,2024/11/22
ORD002982,CUST0002,Mechanical Keyboard,1.0,608.49,GBP,08-18-2024
ORD002398,CUST0370,USB-C Hub,1.0,452.48,USD,2024-09-20
ORD002511,CUST0345,Laptop Pro 15,2.0,,USD,2025/04/30
ORD002071,CUST0324,Noise Cancelling Headphones,2.0,44.64,AUD,04-20-2024
ORD000857,CUST0207,Mechanical Keyboard,,0.0,USD,2024/07/01
ORD002157,CUST0290,External SSD 1TB,5.0,814.68,USD,2025/01/13
ORD001247,CUST0054,Mechanical Keyboard,1.0,1501.07,GBP,2024/08/17
ORD002349,CUST0326,Office Chair,1.0,444.82,GBP,13/05/2025
ORD002151,CUST0321,27in Monitor,2.0,1477.93,GBP,04-24-2025
ORD001560,CUST0234,Noise Cancelling Headphones,2.0,336.27,USD,05-05-2025
ORD000556,CUST0343,USB-C Hub,5.0,92.08,USD,2024-06-12
ORD000010,CUST0186,Webcam HD,1.0,337.11,GBP,2024/05/10
ORD001619,CUST0350,USB-C Hub,1.0,55.94,USD,2024-12-19
ORD001608,CUST0198,27in Monitor,5.0,750.98,USD,2024/12/12
ORD002617,CUST0379,Noise Cancelling Headphones,2.0,229.72,USD,03-26-2024
ORD002428,CUST0335,USB-C Hub,1.0,999.79,INR,2024/01/28
ORD002039,CUST0044,Laptop Pro 15,3.0,463.88,GBP,03-06-2024
ORD001285,CUST0028,Laptop Pro 15,,870.0,AUD,2024/04/26
ORD000087,CUST0304,Webcam HD,1.0,414.2,EUR,2024/12/09
ORD002591,CUST0326,Standing Desk,3.0,713.85,USD,14/01/2024
ORD002836,CUST0025,27in Monitor,1.0,712.62,USD,04-20-2024
ORD000517,CUST0197,Laptop Pro 15,5.0,248.34,USD,12-09-2024
ORD001741,CUST0169,Noise Cancelling Headphones,3.0,536.82,USD,2024/03/09
ORD001769,CUST0083,Wireless Mouse,1.0,337.74,GBP,25/01/2025
ORD001869,CUST0250,Mechanical Keyboard,2.0,1725.53,USD,02/07/2024
ORD002908,CUST0112,Office Chair,1.0,738.68,EUR,07-10-2024
ORD001171,CUST0390,Office Chair,3.0,427.15,INR,01-01-2024
ORD000135,CUST0320,Mechanical Keyboard,3.0,1531.7,USD,11/05/2024
ORD002852,CUST0214,27in Monitor,1.0,645.35,GBP,2024-05-28
ORD000964,CUST0119,27in Monitor,2.0,1060.13,USD,04-10-2024
ORD001841,CUST0326,Mechanical Keyboard,5.0,1372.5,GBP,2024/04/07
ORD000543,CUST0091,External SSD 1TB,5.0,1017.03,EUR,16/03/2024
ORD000494,CUST0382,External SSD 1TB,3.0,1590.78,AUD,2024/02/16
ORD000997,CUST0351,Noise Cancelling Headphones,2.0,768.78,GBP,03/07/2024
ORD000524,CUST0366,Mechanical Keyboard,1.0,1051.35,GBP,2025-04-17
ORD002437,CUST0315,Noise Cancelling Headphones,2.0,545.41,USD,2024/09/07
ORD001420,CUST0366,Mechanical Keyboard,5.0,1116.45,USD,2024/10/07
ORD002649,CUST0106,Webcam HD,1.0,1556.18,EUR,2025/03/28
ORD001273,CUST0182,External SSD 1TB,2.0,216.01,GBP,2024/01/18
ORD000548,CUST0100,Office Chair,5.0,182.71,INR,2024/05/14
ORD000786,CUST0367,Noise Cancelling Headphones,1.0,194.39,EUR,08-23-2024
ORD002102,CUST0196,Mechanical Keyboard,2.0,1291.43,USD,07-24-2024
ORD000961,CUST0198,Webcam HD,1.0,1597.35,EUR,03-16-2025
ORD000893,CUST0034,Laptop Pro 15,2.0,740.51,AUD,10-24-2024
ORD001343,CUST0059,Webcam HD,2.0,1333.72,GBP,2024/12/09
ORD001050,CUST0384,Webcam HD,1.0,1338.56,USD,07-17-2024
ORD001119,CUST0030,Noise Cancelling Headphones,1.0,558.59,INR,03-03-2025
ORD001371,CUST0210,Standing Desk,1.0,46.63,USD,31/08/2024
ORD002587,CUST0076,Mechanical Keyboard,2.0,1582.66,GBP,01-20-2025
ORD001698,CUST0255,Laptop Pro 15,3.0,540.98,AUD,2024/01/15
ORD002951,CUST0256,Standing Desk,1.0,1133.2,GBP,2024-12-26
ORD001300,CUST0213,Office Chair,3.0,351.95,USD,2024/09/03
ORD001533,CUST0058,USB-C Hub,5.0,1457.27,USD,12-21-2024
ORD001315,CUST0229,Mechanical Keyboard,5.0,1456.59,USD,2024-07-05
ORD001870,CUST0062,Standing Desk,3.0,1490.48,INR,17/07/2024
ORD001411,CUST0011,Wireless Mouse,2.0,1120.81,EUR,2024/06/15
ORD002656,CUST0246,Laptop Pro 15,2.0,1637.34,USD,2024-08-02
ORD000345,CUST0193,27in Monitor,2.0,62.99,EUR,2025/01/19
ORD002578,CUST0115,Noise Cancelling Headphones,2.0,550.68,GBP,03/03/2024
ORD002531,CUST0164,Webcam HD,2.0,1496.66,GBP,01-05-2025
ORD001077,CUST0241,External SSD 1TB,5.0,446.62,INR,17/10/2024
ORD001025,CUST0194,External SSD 1TB,2.0,527.09,USD,03-09-2024
ORD000633,CUST0222,USB-C Hub,1.0,1016.48,EUR,04-23-2024
ORD002589,,USB-C Hub,1.0,1040.74,USD,2024/06/02
ORD001211,CUST0185,Webcam HD,5.0,167.15,AUD,2025/05/01
ORD001664,CUST0233,27in Monitor,5.0,1291.15,USD,2024-07-24
ORD001257,CUST0216,External SSD 1TB,5.0,422.45,GBP,18/02/2024
ORD001821,CUST0270,Standing Desk,5.0,1711.5,GBP,2024/02/09
ORD000218,CUST0188,Webcam HD,2.0,349.68,USD,15/03/2025
ORD001788,CUST0302,Mechanical Keyboard,5.0,1011.88,USD,2024-10-10
ORD000412,CUST0049,Webcam HD,1.0,696.78,USD,2025/01/05
ORD000195,CUST0219,External SSD 1TB,2.0,157.86,GBP,2025-02-07
ORD001339,CUST0115,Mechanical Keyboard,5.0,1232.54,EUR,06/07/2024
ORD000021,CUST0226,Webcam HD,5.0,1699.29,GBP,2024/11/03
ORD000250,CUST0147,Office Chair,1.0,956.73,INR,2024-11-22
ORD002319,CUST0319,USB-C Hub,2.0,524.11,INR,2024/04/23
ORD001506,CUST0300,Office Chair,3.0,1552.99,INR,2025-02-06
ORD001158,CUST0255,Webcam HD,1.0,1496.07,INR,18/01/2025
ORD000287,CUST0072,Laptop Pro 15,2.0,863.4,INR,01-04-2024
ORD001508,CUST0363,Office Chair,3.0,1759.06,GBP,08/04/2024
ORD000097,CUST0009,Wireless Mouse,3.0,342.68,INR,21/09/2024
ORD002202,CUST0203,Laptop Pro 15,2.0,1418.24,INR,06-25-2024
ORD001259,CUST0399,Webcam HD,2.0,64.81,EUR,2025/05/11
ORD002057,CUST0157,USB-C Hub,2.0,65.04,USD,2024/03/01
ORD000387,CUST0002,Mechanical Keyboard,2.0,1131.77,INR,2024-07-28
ORD002088,CUST0183,Laptop Pro 15,1.0,,EUR,2025/01/23
ORD001647,CUST0370,Standing Desk,2.0,1733.74,USD,2024/08/29
ORD001752,CUST0318,USB-C Hub,2.0,1629.1,USD,2024/01/10
ORD001114,CUST0078,Standing Desk,1.0,124.23,EUR,2025/04/02
ORD002812,CUST0340,Laptop Pro 15,1.0,1455.27,USD,20/06/2024
ORD000600,CUST0260,Noise Cancelling Headphones,1.0,756.02,EUR,30/09/2024
ORD001082,CUST0224,Wireless Mouse,2.0,1432.12,USD,2025-03-26
ORD002722,CUST0267,Mechanical Keyboard,5.0,1386.4,EUR,2024-03-14
ORD001771,CUST0333,Standing Desk,-1.0,588.15,GBP,2024/06/28
ORD000858,CUST0021,Webcam HD,5.0,737.17,EUR,30/09/2024
ORD000985,CUST0257,Mechanical Keyboard,1.0,396.08,USD,2024/01/19
ORD001528,CUST0245,External SSD 1TB,1.0,810.76,USD,2024/02/12
ORD000765,CUST0376,USB-C Hub,2.0,1778.37,USD,2024/09/25
ORD001557,CUST0141,Office Chair,2.0,143.22,USD,2024/10/02
ORD001867,CUST0076,USB-C Hub,3.0,294.88,USD,03-14-2025
ORD001095,CUST0381,Wireless Mouse,3.0,177.44,USD,03/12/2024
ORD000080,CUST0045,Laptop Pro 15,3.0,215.3,INR,2024/11/27
ORD000134,CUST0340,Office Chair,3.0,628.01,USD,2024-07-30
ORD002650,CUST0197,Webcam HD,2.0,70.63,USD,02-28-2024
ORD001491,CUST0054,Office Chair,1.0,1546.86,USD,01/10/2024
ORD001832,CUST0026,Office Chair,1.0,1068.34,USD,2024/05/21
ORD001066,CUST0288,Mechanical Keyboard,3.0,320.09,GBP,02-01-2024
ORD002461,CUST0144,Webcam HD,2.0,1021.66,AUD,06-20-2024
ORD000890,CUST0399,Laptop Pro 15,2.0,1166.01,GBP,2024-10-06
ORD002973,CUST0067,Webcam HD,5.0,1029.41,USD,2024-03-24
ORD002391,CUST0134,Mechanical Keyboard,2.0,425.79,EUR,2024-08-11
ORD000530,CUST0068,Noise Cancelling Headphones,3.0,997.45,AUD,11-04-2024
ORD001449,CUST0391,Mechanical Keyboard,2.0,798.21,USD,2025-01-10
ORD000274,CUST0184,External SSD 1TB,5.0,1288.72,GBP,2024-07-08
ORD000536,CUST0110,Wireless Mouse,3.0,398.4,USD,09-27-2024
ORD002569,CUST0223,27in Monitor,3.0,1390.22,GBP,2024-02-24
ORD001498,CUST0149,Mechanical Keyboard,1.0,1687.68,AUD,2024-04-18
ORD000181,CUST0213,Laptop Pro 15,2.0,174.31,EUR,2024-05-03
ORD001098,CUST0283,27in Monitor,1.0,123.05,USD,04-08-2024
ORD001408,CUST0222,Laptop Pro 15,1.0,801.39,AUD,05-15-2024
ORD000133,CUST0135,Office Chair,5.0,1048.42,USD,18/03/2024
ORD002918,CUST0026,Mechanical Keyboard,2.0,1309.18,AUD,24/02/2025
ORD002218,CUST0362,Laptop Pro 15,2.0,1312.47,INR,2024-03-02
ORD000564,CUST0283,External SSD 1TB,1.0,1128.83,AUD,2024/10/30
ORD000937,CUST0104,USB-C Hub,5.0,502.6,USD,2024-04-25
ORD000506,CUST0080,Office Chair,2.0,755.01,USD,2024-10-17
ORD000281,CUST0024,Noise Cancelling Headphones,3.0,599.37,INR,14/02/2024
ORD001524,CUST0218,Laptop Pro 15,1.0,525.45,USD,2024/04/01
ORD001459,CUST0400,27in Monitor,2.0,1208.11,EUR,2024-03-08
ORD001840,CUST0182,Standing Desk,2.0,1754.67,USD,2024/11/22
ORD000137,CUST0245,External SSD 1TB,2.0,1040.4,USD,2024/03/15
ORD002719,CUST0016,External SSD 1TB,1.0,907.64,EUR,25/10/2024
ORD001229,CUST0025,External SSD 1TB,2.0,1353.64,AUD,09-12-2024
ORD000113,CUST0203,Laptop Pro 15,1.0,1408.6,USD,2025/03/09
ORD000155,CUST0346,USB-C Hub,5.0,366.3,USD,09/08/2024
ORD002477,CUST0065,27in Monitor,2.0,928.18,EUR,15/02/2024
ORD000331,CUST0201,USB-C Hub,2.0,1159.04,USD,2024-12-07
ORD000370,CUST0233,USB-C Hub,1.0,440.47,INR,2024/11/24
ORD001121,CUST0292,Laptop Pro 15,1.0,1582.02,USD,04/04/2024
ORD001745,CUST0207,27in Monitor,1.0,1250.66,GBP,2024-12-16
ORD001043,CUST0355,Noise Cancelling Headphones,1.0,1386.13,USD,2024-10-26
ORD002250,CUST0059,Laptop Pro 15,3.0,266.47,GBP,29/03/2024
ORD000674,CUST0132,Standing Desk,2.0,154.19,GBP,2024-01-06
ORD002866,CUST0113,Mechanical Keyboard,1.0,1002.22,USD,10/08/2024
ORD000070,CUST0001,Mechanical Keyboard,1.0,803.36,USD,06-23-2024
ORD001566,CUST0297,Laptop Pro 15,1.0,764.07,AUD,2025-02-09
ORD000114,CUST0174,External SSD 1TB,1.0,1273.81,GBP,2024/02/01
ORD000995,CUST0393,External SSD 1TB,1.0,402.7,EUR,2024-05-27
ORD001167,CUST0393,Office Chair,1.0,1237.87,USD,2024-01-10
ORD002439,CUST0285,27in Monitor,2.0,493.65,EUR,10/02/2024
ORD000648,CUST0302,USB-C Hub,2.0,220.39,INR,2024/02/18
ORD001340,CUST0351,27in Monitor,1.0,1280.67,USD,10-29-2024
ORD002499,CUST0057,Laptop Pro 15,5.0,252.63,USD,26/01/2025
ORD001223,CUST0103,External SSD 1TB,2.0,562.06,EUR,2024/11/12
ORD000593,CUST0362,Laptop Pro 15,3.0,1709.32,EUR,2024-05-30
ORD000747,CUST0079,USB-C Hub,1.0,1605.54,EUR,2024/12/10
ORD001536,CUST0336,Laptop Pro 15,5.0,708.54,INR,2024/07/30
ORD001723,CUST0135,27in Monitor,2.0,28.66,USD,10-16-2024
ORD001925,CUST0187,Mechanical Keyboard,1.0,116.84,USD,20/03/2024
ORD002050,CUST0190,Laptop Pro 15,2.0,640.09,INR,10/02/2025
ORD000431,CUST0097,Webcam HD,2.0,1470.28,INR,2024/08/25
ORD001470,CUST0266,Laptop Pro 15,1.0,715.54,USD,21/03/2025
ORD001748,CUST0138,Office Chair,2.0,279.05,INR,2025-01-19
ORD001792,CUST0059,Standing Desk,2.0,1778.07,GBP,2025-03-20
ORD001578,CUST0079,Office Chair,1.0,193.62,INR,06/02/2025
ORD002637,CUST0126,Standing Desk,2.0,1552.73,INR,19/08/2024
ORD001352,CUST0059,Mechanical Keyboard,2.0,787.7,EUR,2024-11-08
ORD000839,CUST0045,Office Chair,1.0,748.39,GBP,2024/01/07
ORD000822,CUST0187,Wireless Mouse,1.0,1531.05,EUR,2024-09-30
ORD002837,CUST0098,USB-C Hub,1.0,1690.66,INR,23/06/2024
ORD000686,CUST0081,27in Monitor,1.0,,EUR,2024/08/07
ORD002504,CUST0332,Laptop Pro 15,5.0,1237.61,USD,2025-02-22
ORD002099,CUST0235,Mechanical Keyboard,2.0,1186.39,USD,2025/04/20
ORD001468,CUST0006,Wireless Mouse,1.0,1118.88,USD,23/02/2025
ORD000578,CUST0117,Webcam HD,1.0,1724.96,USD,08/02/2024
ORD001039,CUST0198,Office Chair,1.0,1057.41,USD,03-26-2024
ORD001740,CUST0094,Webcam HD,2.0,91.16,USD,2024/01/04
ORD000184,CUST0284,Standing Desk,2.0,443.18,INR,03-26-2024
ORD000725,CUST0350,27in Monitor,1.0,85.96,AUD,2024/05/09
ORD000012,CUST0108,External SSD 1TB,1.0,950.96,GBP,2024-05-04
ORD000101,CUST0352,Mechanical Keyboard,1.0,581.04,USD,18/09/2024
ORD002407,CUST0369,Webcam HD,1.0,506.34,INR,05-17-2024
ORD002312,CUST0198,Webcam HD,2.0,1253.88,USD,03-03-2025
ORD002606,CUST0063,Webcam HD,1.0,1611.29,INR,08-21-2024
ORD000318,CUST0065,Mechanical Keyboard,2.0,89.3,INR,2025-05-02
ORD001173,CUST0050,Noise Cancelling Headphones,1.0,775.14,USD,02-19-2024
ORD000201,CUST0229,Noise Cancelling Headphones,3.0,113.7,GBP,2024/05/31
ORD000077,CUST0307,Mechanical Keyboard,2.0,875.36,INR,05/01/2024
ORD001246,CUST0045,Office Chair,5.0,1727.39,EUR,02-27-2025
ORD000559,CUST0118,Webcam HD,5.0,1360.76,GBP,2024-02-15
ORD002940,CUST0349,Mechanical Keyboard,1.0,867.5,USD,2025-04-16
ORD000595,CUST0177,Standing Desk,2.0,1416.55,USD,09/01/2024
ORD002714,CUST0116,Noise Cancelling Headphones,-1.0,304.78,USD,02-18-2024
ORD000711,CUST0206,Mechanical Keyboard,1.0,1110.82,USD,2024/10/04
ORD001963,CUST0395,Webcam HD,5.0,1087.73,USD,29/02/2024
ORD002094,CUST0017,27in Monitor,2.0,449.24,USD,10/06/2024
ORD001921,CUST0382,Noise Cancelling Headphones,2.0,182.28,EUR,2025-01-18
ORD001155,CUST0205,Laptop Pro 15,1.0,1130.26,AUD,17/11/2024
ORD001145,CUST0303,Wireless Mouse,1.0,30.43,GBP,02-11-2024
ORD002598,CUST0152,Wireless Mouse,1.0,1510.16,AUD,2025-02-13
ORD000920,CUST0213,Office Chair,5.0,1285.42,EUR,2025/04/15
ORD001872,CUST0260,Wireless Mouse,1.0,1465.31,GBP,24/07/2024
ORD000496,CUST0132,External SSD 1TB,-1.0,1254.13,EUR,10-08-2024
ORD002641,CUST0232,Mechanical Keyboard,2.0,273.48,USD,05-13-2025
ORD000815,CUST0002,USB-C Hub,2.0,611.12,USD,06/01/2025
ORD001045,CUST0335,Noise Cancelling Headphones,1.0,1677.1,AUD,2024-05-24
ORD000257,CUST0334,USB-C Hub,2.0,1358.16,USD,2024-05-24
ORD002299,CUST0153,Standing Desk,5.0,187.32,AUD,08/01/2024
ORD001904,CUST0271,Office Chair,1.0,289.42,EUR,2024/06/19
ORD001168,CUST0191,Office Chair,2.0,242.63,USD,2024/04/02
ORD000468,CUST0282,Office Chair,1.0,1714.39,INR,04-25-2025
ORD002853,CUST0255,Mechanical Keyboard,2.0,783.0,EUR,25/09/2024
ORD001701,CUST0106,Wireless Mouse,3.0,399.05,GBP,08-19-2024
ORD000005,CUST0291,Noise Cancelling Headphones,1.0,994.05,AUD,2024/05/17
ORD002732,CUST0183,USB-C Hub,1.0,715.34,EUR,2024-09-17
ORD002912,CUST0378,Mechanical Keyboard,1.0,82.04,INR,26/12/2024
ORD000867,CUST0209,27in Monitor,2.0,1629.83,USD,2024-02-24
ORD001742,CUST0359,Office Chair,3.0,1438.67,INR,12-01-2024
ORD001999,CUST0131,Webcam HD,1.0,798.87,INR,2024-04-19
ORD002759,CUST0270,USB-C Hub,1.0,1302.38,EUR,2025/04/01
ORD002459,CUST0089,Webcam HD,5.0,,EUR,2024/08/20
ORD002045,CUST0060,Laptop Pro 15,3.0,498.57,EUR,2024/06/15
ORD001843,CUST0083,USB-C Hub,-1.0,1787.78,EUR,2024/06/08
ORD000577,CUST0056,Mechanical Keyboard,2.0,902.27,AUD,2024-09-14
ORD002213,CUST0017,Mechanical Keyboard,1.0,287.48,EUR,2024-12-03
ORD002790,CUST0206,Wireless Mouse,1.0,1683.32,AUD,10/10/2024
ORD001417,CUST0312,Webcam HD,,862.19,AUD,08-10-2024
ORD000612,CUST0038,Wireless Mouse,1.0,1038.75,EUR,2024/02/18
ORD002984,CUST0125,27in Monitor,1.0,1313.49,USD,2024/08/06
ORD002540,CUST0217,Standing Desk,1.0,1425.16,EUR,17/01/2025
ORD001252,CUST0138,Noise Cancelling Headphones,3.0,1379.68,GBP,05/01/2025
ORD002830,CUST0333,Laptop Pro 15,2.0,593.8,USD,04-17-2025
ORD002601,CUST0096,Webcam HD,5.0,1381.78,GBP,12-10-2024
ORD000565,CUST0206,Wireless Mouse,2.0,381.59,AUD,01/03/2024
ORD000916,CUST0363,27in Monitor,1.0,709.84,GBP,2024-08-16
ORD002502,CUST0320,External SSD 1TB,2.0,1681.72,USD,09-29-2024
ORD001403,CUST0388,Laptop Pro 15,3.0,1024.0,USD,07-13-2024
ORD002670,CUST0194,Noise Cancelling Headphones,3.0,924.53,USD,2025-03-10
ORD000292,CUST0316,27in Monitor,3.0,1467.9,USD,2025-01-31
ORD002613,CUST0032,Mechanical Keyboard,2.0,1333.29,INR,2024/06/08
ORD000508,CUST0294,Office Chair,5.0,1708.36,AUD,2025-04-27
ORD001423,CUST0358,Wireless Mouse,5.0,1060.98,EUR,2024/10/27
ORD000036,CUST0077,Laptop Pro 15,1.0,300.96,USD,06/05/2025
ORD002174,CUST0389,Mechanical Keyboard,1.0,991.1,USD,2024/04/08
ORD002001,CUST0085,Standing Desk,1.0,343.1,INR,2024-12-23
ORD002787,CUST0024,USB-C Hub,2.0,1458.75,USD,2024/02/11
ORD001621,CUST0018,Standing Desk,2.0,430.52,EUR,12/10/2024
ORD002546,CUST0201,Webcam HD,1.0,308.45,INR,24/10/2024
ORD002669,CUST0365,27in Monitor,2.0,468.61,AUD,30/07/2024
ORD001066,CUST0288,Mechanical Keyboard,3.0,320.09,GBP,02-01-2024
ORD000219,CUST0014,USB-C Hub,2.0,290.8,USD,18/08/2024
ORD000585,CUST0358,Mechanical Keyboard,1.0,371.83,EUR,2024-04-30
ORD000715,CUST0241,Wireless Mouse,3.0,1417.85,USD,2024-03-12
ORD001017,,27in Monitor,3.0,580.9,INR,2024-09-19
ORD002854,CUST0281,27in Monitor,5.0,1351.32,USD,10-26-2024
ORD002288,CUST0119,Laptop Pro 15,2.0,89.51,USD,08/10/2024
ORD000601,CUST0332,Office Chair,2.0,736.2,AUD,04-30-2025
ORD001226,CUST0149,Standing Desk,1.0,619.65,USD,02-19-2024
ORD000789,CUST0317,Laptop Pro 15,5.0,1656.72,INR,12/03/2024
ORD002715,CUST0297,Wireless Mouse,2.0,337.51,EUR,2025-05-04
ORD001943,CUST0208,Webcam HD,2.0,1646.42,GBP,17/08/2024
ORD001489,CUST0337,Standing Desk,1.0,163.66,EUR,01-11-2025
ORD001875,CUST0321,Wireless Mouse,2.0,823.43,USD,2025/01/12
ORD001931,CUST0171,Mechanical Keyboard,2.0,616.8,GBP,15/06/2024
ORD002028,CUST0277,Laptop Pro 15,1.0,1253.55,USD,2025/01/25
ORD002842,CUST0079,Standing Desk,2.0,970.7,EUR,15/06/2024
ORD000439,CUST0216,Office Chair,5.0,1023.92,USD,20/09/2024
ORD000682,CUST0099,Laptop Pro 15,,172.77,USD,24/09/2024
ORD000764,CUST0119,Noise Cancelling Headphones,2.0,1507.13,AUD,2024-07-07
ORD002583,CUST0051,External SSD 1TB,3.0,1790.73,USD,01-20-2024
ORD000651,CUST0118,External SSD 1TB,2.0,1193.6,GBP,2024/12/07
ORD001563,CUST0046,27in Monitor,1.0,746.4,EUR,05-20-2024
ORD000277,CUST0138,Laptop Pro 15,2.0,532.13,GBP,02-28-2025
ORD002565,CUST0197,Standing Desk,2.0,1640.75,USD,2024-05-18
ORD001754,CUST0008,Mechanical Keyboard,2.0,447.36,USD,2025-01-26
ORD002028,CUST0277,Laptop Pro 15,1.0,1253.55,USD,2025/01/25
ORD001856,CUST0159,Laptop Pro 15,2.0,1420.25,EUR,2024/04/09
ORD000493,CUST0293,Mechanical Keyboard,1.0,15.44,GBP,11/03/2024
ORD000433,,External SSD 1TB,5.0,1658.73,GBP,2024-06-22
ORD002284,CUST0233,Standing Desk,5.0,441.2,USD,2025-03-17
ORD000993,CUST0155,Wireless Mouse,2.0,520.33,GBP,2024-11-30
ORD001068,CUST0127,External SSD 1TB,2.0,742.46,INR,2025/03/19
ORD001889,CUST0013,27in Monitor,2.0,863.93,GBP,2024/03/20
ORD001009,CUST0259,27in Monitor,1.0,89.44,USD,2024-12-14
ORD002033,CUST0240,Laptop Pro 15,5.0,365.61,USD,09/11/2024
ORD000914,CUST0332,Webcam HD,5.0,183.07,EUR,2024-11-26
ORD000324,CUST0047,External SSD 1TB,-1.0,1701.7,USD,21/07/2024
ORD000368,CUST0317,USB-C Hub,1.0,1645.97,EUR,2024/03/20
ORD001483,CUST0244,Standing Desk,2.0,271.46,USD,20/09/2024
ORD002929,CUST0080,Standing Desk,1.0,207.42,GBP,09/12/2024
ORD002633,CUST0051,Noise Cancelling Headphones,3.0,797.93,EUR,2025/02/12
ORD002755,CUST0105,27in Monitor,1.0,473.19,USD,2024-09-01
ORD000311,CUST0275,Laptop Pro 15,1.0,1732.13,USD,2024-08-14
ORD002137,CUST0277,Wireless Mouse,1.0,1204.08,EUR,03-15-2025
ORD001152,,External SSD 1TB,5.0,1583.68,AUD,2024/06/21
ORD000166,CUST0136,27in Monitor,5.0,1690.13,INR,31/01/2024
ORD001330,CUST0388,Webcam HD,2.0,521.8,USD,20/03/2025
ORD000238,CUST0114,Wireless Mouse,2.0,1608.56,EUR,09-13-2024
ORD000511,CUST0238,USB-C Hub,2.0,1238.23,USD,2024/08/15
ORD001212,CUST0008,External SSD 1TB,1.0,1596.59,GBP,2024-03-15
ORD002944,CUST0325,Mechanical Keyboard,-1.0,621.02,GBP,12/09/2024
ORD001822,CUST0146,Laptop Pro 15,3.0,1085.26,USD,13/12/2024
ORD001987,CUST0049,USB-C Hub,1.0,318.63,USD,2024-07-21
ORD001204,CUST0271,External SSD 1TB,1.0,1164.22,USD,16/09/2024
ORD001149,CUST0214,Laptop Pro 15,,485.02,USD,07/07/2024
ORD002891,CUST0016,Office Chair,2.0,0.0,USD,03-15-2024
ORD002678,CUST0179,Mechanical Keyboard,1.0,180.63,USD,12/04/2025
ORD001658,CUST0384,Standing Desk,1.0,98.14,INR,2025-01-28
ORD002295,CUST0115,External SSD 1TB,1.0,572.37,EUR,2025-05-13
ORD002260,CUST0184,Office Chair,1.0,892.32,USD,01-23-2024
ORD000782,CUST0261,27in Monitor,3.0,321.22,USD,2024/07/04
ORD000620,CUST0112,Office Chair,1.0,875.11,EUR,2024/05/30
ORD002282,CUST0069,External SSD 1TB,5.0,149.25,USD,06-22-2024
ORD000670,CUST0285,27in Monitor,1.0,719.07,USD,2024/07/27
ORD000475,CUST0198,Office Chair,5.0,52.39,USD,10-06-2024
ORD000635,CUST0069,External SSD 1TB,1.0,1160.65,GBP,20/09/2024
ORD000837,CUST0259,External SSD 1TB,5.0,397.79,USD,2025-03-11
ORD000263,CUST0283,Noise Cancelling Headphones,2.0,451.16,AUD,2024-05-23
ORD000067,CUST0181,Wireless Mouse,1.0,1715.66,EUR,2024-04-17
ORD001789,CUST0157,Laptop Pro 15,3.0,284.02,AUD,30/09/2024
ORD001985,CUST0231,Standing Desk,1.0,297.93,INR,07/08/2024
ORD000871,CUST0093,Noise Cancelling Headphones,5.0,1731.04,USD,2024-10-31
ORD002031,CUST0303,Laptop Pro 15,3.0,61.53,USD,11-21-2024
ORD002613,CUST0032,Mechanical Keyboard,2.0,1333.29,INR,2024/06/08
ORD000864,CUST0335,Webcam HD,1.0,404.98,USD,2024/11/27
ORD000329,CUST0360,Noise Cancelling Headphones,1.0,1528.22,EUR,03-26-2024
ORD002757,CUST0264,Wireless Mouse,,1402.48,INR,2025-04-09
ORD002030,CUST0323,Standing Desk,1.0,135.03,USD,2025-02-01
ORD001612,CUST0171,Wireless Mouse,1.0,1519.99,INR,2024/01/07
ORD001109,CUST0385,Office Chair,2.0,121.39,INR,2024-01-14
ORD002355,CUST0177,Noise Cancelling Headphones,2.0,1596.96,GBP,2025-01-07
ORD002976,CUST0165,27in Monitor,5.0,1421.93,GBP,02-19-2025
ORD002542,CUST0195,Noise Cancelling Headphones,3.0,725.77,USD,05-11-2024
ORD002803,CUST0195,Office Chair,5.0,1092.8,INR,2025-01-30
ORD001221,CUST0174,Wireless Mouse,2.0,1597.72,AUD,2024-02-15
ORD001690,CUST0182,External SSD 1TB,2.0,202.38,INR,02-24-2024
ORD000261,CUST0167,Webcam HD,2.0,1545.66,USD,2024-07-24
ORD002497,CUST0092,Mechanical Keyboard,1.0,350.32,USD,2024-04-12
ORD001809,CUST0192,USB-C Hub,2.0,315.58,AUD,27/08/2024
ORD001363,CUST0045,Webcam HD,5.0,1774.23,INR,12-24-2024
ORD001044,CUST0049,Standing Desk,1.0,1485.92,GBP,2024-04-15
ORD000770,CUST0215,Office Chair,2.0,1137.01,USD,04-02-2024
ORD001626,CUST0252,Standing Desk,3.0,825.31,EUR,03/03/2024
ORD001706,CUST0334,Wireless Mouse,2.0,1178.09,GBP,2025-01-04
ORD002234,CUST0268,Webcam HD,2.0,622.8,GBP,2024-01-07
ORD001271,CUST0140,Laptop Pro 15,2.0,1481.47,USD,09/05/2025
ORD000755,CUST0059,External SSD 1TB,1.0,451.91,INR,15/04/2024
ORD002111,CUST0156,Standing Desk,1.0,1774.37,USD,2024-08-30
ORD000541,CUST0063,Wireless Mouse,3.0,822.1,AUD,2024-09-13
ORD002330,CUST0204,External SSD 1TB,2.0,97.5,INR,2025-04-12
ORD001606,CUST0182,Office Chair,3.0,1306.55,USD,2024-07-17
ORD002849,CUST0268,Webcam HD,2.0,1577.61,GBP,2024-06-29
ORD001989,CUST0355,USB-C Hub,3.0,1256.42,USD,05-17-2024
ORD002106,CUST0007,USB-C Hub,1.0,,USD,29/09/2024
ORD000289,CUST0071,External SSD 1TB,5.0,1729.82,AUD,2024/07/26
ORD000227,CUST0311,Laptop Pro 15,1.0,414.15,GBP,03-03-2024
ORD001996,CUST0287,Standing Desk,1.0,1380.33,USD,2024-11-23
ORD000955,CUST0368,USB-C Hub,3.0,1383.67,EUR,2025-01-11
ORD001768,CUST0345,Standing Desk,1.0,526.87,INR,2024/03/13
ORD000545,CUST0111,Office Chair,3.0,1019.58,INR,2024-09-06
ORD002393,CUST0090,Office Chair,1.0,179.99,USD,04-12-2024
ORD001219,CUST0106,Wireless Mouse,1.0,825.44,EUR,2024/01/23
ORD001513,CUST0323,External SSD 1TB,2.0,1724.14,INR,2024-10-29
ORD002572,CUST0066,Webcam HD,1.0,608.62,USD,2024/04/10
ORD001199,CUST0073,USB-C Hub,2.0,1510.02,USD,2024/06/03
ORD001108,CUST0295,Mechanical Keyboard,1.0,1617.48,EUR,04-14-2025
ORD000689,CUST0259,Laptop Pro 15,1.0,1357.97,EUR,01-29-2025
ORD002078,CUST0136,Noise Cancelling Headphones,-1.0,559.77,INR,2024-06-14
ORD001953,CUST0008,Office Chair,3.0,1405.58,USD,2024-10-22
ORD002085,CUST0017,Webcam HD,5.0,1519.97,GBP,02-22-2025
ORD001163,CUST0063,Standing Desk,2.0,242.17,USD,2025/02/05
ORD000127,CUST0363,Noise Cancelling Headphones,1.0,455.83,USD,2024/03/15
ORD002800,CUST0307,Office Chair,1.0,1463.01,USD,2024/10/16
ORD002392,CUST0269,Office Chair,2.0,470.54,USD,2024/05/13
ORD002652,CUST0213,Standing Desk,1.0,847.95,USD,2025-04-17
ORD002096,CUST0221,External SSD 1TB,2.0,1732.98,USD,2024-04-06
ORD000349,CUST0150,Mechanical Keyboard,1.0,1688.48,USD,2024/02/02
ORD001767,CUST0005,27in Monitor,5.0,1006.59,GBP,2024/03/31
ORD001438,CUST0110,Noise Cancelling Headphones,3.0,552.89,EUR,2024-11-10
ORD000332,CUST0203,Mechanical Keyboard,3.0,751.31,INR,06-06-2024
ORD000157,CUST0013,External SSD 1TB,1.0,766.72,EUR,07/08/2024
ORD001338,CUST0331,Office Chair,5.0,1735.0,USD,2025/04/01
ORD002961,CUST0239,Laptop Pro 15,3.0,215.2,USD,2024/02/16
ORD001514,CUST0327,External SSD 1TB,5.0,1666.36,USD,04-28-2025
ORD001655,CUST0227,Mechanical Keyboard,1.0,1404.72,EUR,25/04/2024
ORD001511,CUST0212,Mechanical Keyboard,1.0,1346.37,USD,03-02-2024
ORD000088,CUST0053,Noise Cancelling Headphones,2.0,,EUR,2025/05/10
ORD000043,CUST0191,Mechanical Keyboard,5.0,1151.16,INR,2024/06/12
ORD000164,CUST0282,Wireless Mouse,2.0,539.34,USD,2024-11-16
ORD001989,CUST0355,USB-C Hub,3.0,1256.42,USD,05-17-2024
ORD001630,CUST0182,Standing Desk,1.0,728.08,USD,14/05/2025
ORD002366,CUST0054,Webcam HD,1.0,661.55,EUR,02/10/2024
ORD000006,CUST0196,Noise Cancelling Headphones,2.0,1209.19,EUR,2025/01/09
ORD001818,CUST0194,Office Chair,2.0,1247.19,AUD,01-13-2024
ORD001281,CUST0295,Standing Desk,5.0,29.31,AUD,2024/01/08
ORD001887,,27in Monitor,1.0,1731.38,EUR,06/05/2024
ORD002216,CUST0212,Mechanical Keyboard,2.0,631.82,USD,2024/07/10
ORD001928,CUST0155,Standing Desk,1.0,1027.95,USD,20/05/2024
ORD000022,CUST0184,External SSD 1TB,3.0,,EUR,03-26-2024
ORD000753,CUST0101,Office Chair,1.0,546.5,EUR,2024/07/11
ORD000776,CUST0077,Noise Cancelling Headphones,2.0,364.77,USD,2024-12-07
ORD002447,CUST0021,USB-C Hub,3.0,389.29,USD,2024/11/30
ORD002559,CUST0232,Webcam HD,3.0,1301.57,INR,03-20-2024
ORD000992,CUST0196,27in Monitor,1.0,1461.97,AUD,2025/03/29
ORD001023,CUST0319,Laptop Pro 15,1.0,1412.34,EUR,03/08/2024
ORD002358,CUST0055,Standing Desk,1.0,830.06,INR,2025/01/02
ORD001583,CUST0368,Mechanical Keyboard,2.0,1573.81,GBP,2024/08/11
ORD001373,CUST0058,Noise Cancelling Headphones,2.0,1276.87,AUD,2024/09/20
ORD002002,CUST0346,Office Chair,1.0,1094.16,GBP,29/07/2024
ORD000922,CUST0081,External SSD 1TB,1.0,16.97,GBP,2024/03/21
ORD000336,CUST0150,Standing Desk,3.0,410.73,INR,2025-03-16
ORD000214,CUST0358,Noise Cancelling Headphones,1.0,570.05,INR,2024-03-29
ORD000662,CUST0161,Webcam HD,1.0,1560.38,INR,2024-05-22
ORD000679,CUST0075,Laptop Pro 15,2.0,660.64,GBP,05/11/2024
ORD002707,CUST0104,Standing Desk,2.0,1285.84,AUD,2025/01/09
ORD002009,CUST0001,Wireless Mouse,3.0,676.59,EUR,11-11-2024
ORD001319,CUST0354,Noise Cancelling Headphones,2.0,130.52,USD,2024-03-05
ORD001973,CUST0270,Office Chair,2.0,402.38,GBP,02-12-2025
ORD000179,CUST0344,Laptop Pro 15,2.0,525.04,EUR,09-17-2024
ORD002527,CUST0098,Mechanical Keyboard,3.0,1345.92,USD,2024-12-08
ORD000608,CUST0358,Laptop Pro 15,1.0,1783.54,GBP,11-30-2024
ORD002871,CUST0201,External SSD 1TB,1.0,633.75,EUR,15/02/2025
ORD001207,CUST0188,Webcam HD,1.0,1367.11,USD,04/09/2024
ORD002566,CUST0235,Laptop Pro 15,2.0,656.48,USD,01/05/2025
ORD002014,CUST0004,Wireless Mouse,1.0,,GBP,03/04/2025
ORD002703,CUST0370,Webcam HD,5.0,588.06,EUR,2024/03/13
ORD000923,CUST0394,Noise Cancelling Headphones,1.0,198.46,USD,04-14-2025
ORD000060,CUST0321,Mechanical Keyboard,3.0,437.13,USD,2024-01-01
ORD000248,CUST0380,Noise Cancelling Headphones,5.0,1479.11,USD,05-16-2024
ORD002945,CUST0192,Wireless Mouse,1.0,1721.68,EUR,2024-08-02
ORD000304,CUST0011,Wireless Mouse,2.0,281.13,USD,2024-06-23
ORD000288,CUST0252,27in Monitor,1.0,1248.61,USD,11-28-2024
ORD001673,CUST0369,USB-C Hub,-1.0,297.88,USD,2025/04/05
ORD001932,CUST0080,Wireless Mouse,5.0,201.71,USD,07/01/2024
ORD000521,CUST0026,Mechanical Keyboard,5.0,1279.65,INR,2024/04/01
ORD001645,CUST0185,External SSD 1TB,3.0,440.6,USD,2025-01-12
ORD001521,CUST0044,Office Chair,1.0,711.0,AUD,2025-04-04
ORD001838,CUST0146,Noise Cancelling Headphones,2.0,1378.3,USD,2025/03/24
ORD001574,CUST0125,Standing Desk,2.0,685.46,INR,2024/09/18
ORD002521,CUST0095,USB-C Hub,2.0,374.35,USD,2024/02/19
ORD000700,CUST0305,Webcam HD,3.0,1704.79,USD,2024/01/05
ORD002896,CUST0200,USB-C Hub,1.0,187.2,INR,2024-03-02
ORD003000,CUST0025,Standing Desk,2.0,1776.88,GBP,10-28-2024
ORD002048,CUST0012,Noise Cancelling Headphones,2.0,1547.2,EUR,2024-07-20
ORD002456,CUST0045,Laptop Pro 15,3.0,41.78,INR,01-10-2025
ORD002628,CUST0378,Mechanical Keyboard,1.0,1297.45,GBP,2025/02/20
ORD002054,CUST0237,Office Chair,3.0,1085.9,USD,03-31-2024
ORD000404,CUST0343,Laptop Pro 15,2.0,,USD,2024/11/13
ORD000026,CUST0266,External SSD 1TB,5.0,885.28,USD,2025-02-02
ORD001395,CUST0278,Standing Desk,2.0,636.83,USD,07-15-2024
ORD001994,CUST0135,Mechanical Keyboard,2.0,435.87,EUR,03-07-2024
ORD002424,CUST0129,Office Chair,3.0,1598.85,AUD,2024-03-04
ORD001040,CUST0047,Mechanical Keyboard,1.0,1172.59,INR,23/03/2025
ORD002015,CUST0306,Wireless Mouse,2.0,795.19,AUD,2024/02/05
ORD000111,CUST0078,Standing Desk,2.0,461.18,USD,2025-02-14
ORD000046,CUST0127,USB-C Hub,5.0,1491.69,EUR,2024-02-03
ORD000220,CUST0189,Mechanical Keyboard,3.0,1290.63,USD,05-24-2024
ORD002754,CUST0313,Mechanical Keyboard,3.0,220.52,USD,05-10-2024
ORD001293,CUST0352,Wireless Mouse,1.0,,USD,2024/06/18
ORD000708,CUST0313,Mechanical Keyboard,2.0,478.73,USD,2024/04/06
ORD000243,CUST0096,27in Monitor,1.0,406.54,USD,11-20-2024
ORD002157,CUST0290,External SSD 1TB,5.0,814.68,USD,2025/01/13
ORD002693,CUST0359,Mechanical Keyboard,3.0,104.87,AUD,10-10-2024
ORD000317,CUST0250,27in Monitor,1.0,1117.11,INR,11-08-2024
ORD002426,CUST0320,USB-C Hub,3.0,,AUD,08-30-2024
ORD001896,CUST0052,Laptop Pro 15,,488.02,INR,2024-08-24
ORD002867,CUST0265,External SSD 1TB,3.0,1608.11,USD,05/06/2024
ORD001426,CUST0220,Noise Cancelling Headphones,3.0,867.12,INR,2025-05-11
ORD000002,CUST0186,Standing Desk,1.0,169.84,EUR,2025/01/27
ORD000004,CUST0045,Webcam HD,1.0,1677.2,USD,08/09/2024
ORD002701,CUST0030,Standing Desk,3.0,998.29,INR,10/06/2024
ORD001185,CUST0205,Noise Cancelling Headphones,1.0,304.06,GBP,2024/04/25
ORD002536,CUST0207,27in Monitor,5.0,1261.44,EUR,07-19-2024
ORD001088,CUST0298,Webcam HD,1.0,252.59,AUD,2024-05-24
ORD000626,CUST0182,Mechanical Keyboard,2.0,1044.67,USD,06/05/2025
ORD002401,CUST0343,Standing Desk,1.0,1378.98,EUR,11-02-2024
ORD000437,CUST0033,Mechanical Keyboard,1.0,216.03,AUD,12-21-2024
ORD002082,CUST0014,27in Monitor,2.0,147.07,INR,06-04-2024
ORD001907,CUST0380,Standing Desk,1.0,1330.72,USD,2024/01/06
ORD001213,CUST0179,Office Chair,1.0,340.92,AUD,2025/03/19
ORD000913,CUST0337,Standing Desk,1.0,1134.27,EUR,2024-12-16
ORD002898,CUST0063,Standing Desk,5.0,990.26,GBP,2024-09-30
ORD002769,CUST0236,27in Monitor,1.0,726.96,USD,12-05-2024
ORD001780,CUST0095,Laptop Pro 15,2.0,33.81,GBP,12-03-2024
ORD000450,CUST0323,Webcam HD,1.0,1779.04,GBP,11-26-2024
ORD001793,CUST0192,Standing Desk,1.0,1706.64,GBP,2025-01-08
ORD000699,CUST0061,Webcam HD,1.0,1497.11,INR,01-05-2024
ORD002875,CUST0200,Standing Desk,1.0,1694.42,INR,02-14-2025
ORD000032,CUST0037,Webcam HD,3.0,33.89,INR,01-01-2025
ORD000769,CUST0218,Office Chair,3.0,1133.68,INR,2024-08-13
ORD000396,CUST0170,Office Chair,5.0,118.17,EUR,25/11/2024
ORD002584,CUST0329,27in Monitor,3.0,1319.2,INR,02-07-2025
ORD002120,CUST0059,USB-C Hub,1.0,297.67,USD,2025/04/16
ORD000315,CUST0178,Laptop Pro 15,2.0,879.88,GBP,02-16-2024
ORD002997,CUST0119,Wireless Mouse,1.0,815.45,GBP,04-14-2025
ORD001611,CUST0073,Office Chair,2.0,458.37,USD,08/05/2025
ORD001812,CUST0192,Office Chair,2.0,965.42,EUR,2024/12/06
ORD001923,CUST0286,USB-C Hub,1.0,663.53,INR,2024-10-08
ORD002514,CUST0016,Laptop Pro 15,1.0,1113.4,GBP,2024-05-30
ORD000501,CUST0031,Laptop Pro 15,2.0,1407.37,EUR,2024/06/27
ORD000267,CUST0364,External SSD 1TB,3.0,535.04,GBP,2024/10/17
ORD000732,CUST0309,Office Chair,2.0,1394.32,USD,07-08-2024
ORD002749,CUST0150,Webcam HD,1.0,1445.16,AUD,09/04/2024
ORD000028,CUST0065,27in Monitor,2.0,1701.03,USD,2025-04-26
ORD000273,CUST0299,Laptop Pro 15,5.0,1727.16,USD,10-21-2024
ORD000229,CUST0220,Office Chair,1.0,1471.28,USD,01-26-2024
ORD001559,CUST0053,Wireless Mouse,1.0,867.24,USD,23/08/2024
ORD002848,CUST0301,Laptop Pro 15,2.0,1140.07,USD,2024-04-09
ORD000772,CUST0075,Standing Desk,5.0,222.38,EUR,2024/04/03
ORD000976,CUST0380,Wireless Mouse,3.0,857.07,USD,2024/06/21
ORD002773,,Wireless Mouse,1.0,1723.46,USD,04-22-2024
ORD002153,CUST0072,Noise Cancelling Headphones,1.0,1554.91,USD,2025-05-05
ORD001956,CUST0227,Office Chair,5.0,1577.63,USD,2024-11-11
ORD000210,CUST0219,USB-C Hub,2.0,1370.9,EUR,2025-04-17
ORD001937,CUST0203,Laptop Pro 15,2.0,117.04,AUD,2024-07-03
ORD001935,CUST0007,Noise Cancelling Headphones,1.0,585.21,GBP,20/03/2025
ORD001845,CUST0066,Standing Desk,2.0,287.94,INR,03-26-2024
ORD000300,CUST0337,Laptop Pro 15,3.0,1111.84,USD,2024/09/21
ORD000709,CUST0051,USB-C Hub,1.0,1462.97,INR,2024-06-16
ORD001936,CUST0120,Mechanical Keyboard,1.0,188.1,USD,02-19-2024
ORD000636,CUST0342,Laptop Pro 15,2.0,1330.67,AUD,03-11-2025
ORD000241,CUST0135,External SSD 1TB,2.0,246.37,USD,2024-01-19
ORD002347,CUST0368,USB-C Hub,1.0,1198.49,EUR,2024-12-22
ORD001750,CUST0380,Standing Desk,2.0,1069.7,GBP,23/02/2024
ORD000945,CUST0167,Noise Cancelling Headphones,1.0,1783.61,USD,25/04/2024
ORD002775,CUST0305,Office Chair,1.0,1639.87,EUR,01/11/2024
ORD001398,CUST0047,Office Chair,1.0,16.39,INR,2024/10/24
ORD002886,CUST0222,Webcam HD,3.0,316.39,USD,2025-03-25
ORD002427,CUST0268,Laptop Pro 15,2.0,1005.96,AUD,2024-09-08
ORD001644,CUST0027,Wireless Mouse,3.0,1580.14,INR,31/05/2024
ORD000573,CUST0099,27in Monitor,1.0,253.16,INR,2025-02-25
ORD002644,CUST0346,Laptop Pro 15,2.0,602.75,AUD,10/05/2025
ORD000212,CUST0165,Laptop Pro 15,1.0,790.0,EUR,14/04/2025
ORD001681,CUST0118,Wireless Mouse,2.0,1571.99,USD,2025/02/06
ORD000500,CUST0188,USB-C Hub,,235.88,AUD,2024-01-18
ORD002545,CUST0071,USB-C Hub,2.0,1461.73,INR,2024-06-21
ORD001005,CUST0002,Webcam HD,5.0,1507.04,USD,09-08-2024
ORD002283,CUST0346,Wireless Mouse,1.0,1648.8,AUD,2024/09/08
ORD001607,CUST0118,USB-C Hub,1.0,1493.33,USD,2024/09/06
ORD000534,CUST0079,Standing Desk,2.0,1485.69,EUR,10/07/2024
ORD001546,CUST0006,Office Chair,1.0,690.15,USD,12-30-2024
ORD000659,CUST0231,Mechanical Keyboard,1.0,1336.7,EUR,2024-03-23
ORD002758,CUST0305,Mechanical Keyboard,1.0,382.1,INR,07-16-2024
ORD002503,CUST0277,Webcam HD,2.0,671.98,USD,2024-01-04
ORD000269,CUST0056,Laptop Pro 15,1.0,780.64,INR,2024-11-02
ORD001526,CUST0209,27in Monitor,2.0,1186.33,GBP,14/04/2025
ORD000228,CUST0250,Laptop Pro 15,2.0,676.57,AUD,2025/04/21
ORD002770,CUST0161,27in Monitor,1.0,1264.8,EUR,11/04/2025
ORD001801,CUST0368,Webcam HD,5.0,,EUR,2025/01/21
ORD000931,CUST0352,Laptop Pro 15,2.0,443.15,INR,27/05/2024
ORD002523,CUST0070,27in Monitor,3.0,1533.27,EUR,2025/05/05
ORD002087,CUST0391,Noise Cancelling Headphones,2.0,430.21,USD,05-17-2024
ORD000889,CUST0136,27in Monitor,2.0,114.0,EUR,2025-01-29
ORD002605,CUST0055,Laptop Pro 15,2.0,1657.83,USD,02-11-2024
ORD002207,CUST0029,Webcam HD,2.0,617.1,USD,2024/03/10
ORD000745,CUST0175,Office Chair,2.0,392.48,USD,03-20-2024
ORD001024,CUST0054,Noise Cancelling Headphones,1.0,615.8,EUR,2025-05-07
ORD000151,CUST0012,USB-C Hub,2.0,1055.48,EUR,06/01/2025
ORD002419,CUST0014,External SSD 1TB,3.0,761.27,USD,2024-01-07
ORD002466,CUST0363,Office Chair,3.0,1186.18,EUR,2024-08-04
ORD000609,CUST0220,Standing Desk,1.0,1369.58,USD,08-02-2024
ORD000897,CUST0006,Mechanical Keyboard,1.0,1079.08,AUD,2024/03/19
ORD002364,CUST0048,Laptop Pro 15,2.0,1723.18,EUR,2024/09/18
ORD001379,CUST0363,USB-C Hub,2.0,111.41,INR,12-23-2024
ORD000898,CUST0228,Webcam HD,1.0,700.32,INR,2024/09/13
ORD001623,CUST0274,Mechanical Keyboard,1.0,474.67,EUR,2025/04/14
ORD002101,CUST0055,Laptop Pro 15,1.0,1048.97,GBP,2024/10/10
ORD001719,CUST0056,Standing Desk,1.0,1653.39,EUR,2025-01-06
ORD002500,CUST0275,Mechanical Keyboard,1.0,1202.58,USD,2024-03-11
ORD002451,CUST0176,27in Monitor,5.0,1567.19,AUD,23/01/2025
ORD001641,CUST0389,External SSD 1TB,2.0,1174.88,USD,2025/04/28
ORD002748,CUST0382,Standing Desk,2.0,1302.02,USD,2024-02-13
ORD001367,CUST0289,Standing Desk,2.0,384.84,USD,08-26-2024
ORD000192,CUST0077,USB-C Hub,2.0,1311.52,INR,14/06/2024
ORD002522,CUST0243,USB-C Hub,1.0,363.8,EUR,05-01-2024
ORD002962,CUST0187,Laptop Pro 15,5.0,48.13,EUR,08/09/2024
ORD002735,CUST0350,USB-C Hub,3.0,1203.66,USD,05-17-2024
ORD000677,CUST0371,Laptop Pro 15,5.0,923.09,INR,02-27-2025
ORD002805,CUST0096,Office Chair,2.0,1782.61,AUD,2024-02-16
ORD001876,CUST0279,Mechanical Keyboard,1.0,1232.76,INR,30/04/2024
ORD000826,CUST0361,Noise Cancelling Headphones,1.0,670.54,AUD,2024-01-12
ORD001890,CUST0087,Laptop Pro 15,2.0,49.85,USD,2025-01-13
ORD001693,CUST0037,Webcam HD,2.0,454.43,USD,04-04-2024
ORD000165,CUST0126,Office Chair,3.0,321.47,INR,14/04/2025
ORD001010,CUST0334,Office Chair,1.0,591.62,GBP,2024/06/05
ORD001460,,Standing Desk,1.0,233.08,USD,02-01-2024
ORD002144,CUST0357,Office Chair,1.0,,EUR,2024/12/28
ORD002907,CUST0340,Webcam HD,2.0,165.23,USD,2025-04-04
ORD001475,CUST0005,Mechanical Keyboard,1.0,976.28,INR,2025/03/03
ORD002681,CUST0217,Wireless Mouse,1.0,600.33,EUR,03-14-2025
ORD000865,CUST0380,Laptop Pro 15,3.0,722.05,INR,2024-12-31
ORD001160,,Webcam HD,5.0,513.28,USD,2024/04/30
ORD000679,CUST0075,Laptop Pro 15,2.0,660.64,GBP,05/11/2024
ORD001326,CUST0358,Noise Cancelling Headphones,5.0,1581.66,INR,29/12/2024
ORD001980,CUST0251,Mechanical Keyboard,3.0,457.51,EUR,03-24-2025
ORD002444,,Office Chair,2.0,459.89,USD,2024/08/21
ORD002252,CUST0339,Office Chair,5.0,1577.75,USD,07-19-2024
ORD001046,CUST0303,Laptop Pro 15,-1.0,1619.4,USD,2024/05/08
ORD002824,CUST0121,Webcam HD,1.0,969.87,INR,2024-01-19
ORD001295,CUST0124,External SSD 1TB,2.0,963.01,EUR,2025-01-21
ORD000872,CUST0244,USB-C Hub,1.0,907.45,USD,11/01/2024
ORD001795,CUST0127,Noise Cancelling Headphones,1.0,778.74,USD,2024-12-03
ORD000915,CUST0351,Wireless Mouse,2.0,1319.12,AUD,01/07/2024
ORD001656,CUST0241,Noise Cancelling Headphones,2.0,1484.67,INR,2024-08-01
ORD002712,CUST0291,Standing Desk,3.0,461.33,USD,20/03/2024
ORD001828,CUST0064,Laptop Pro 15,5.0,1041.75,GBP,25/02/2024
ORD002874,CUST0225,27in Monitor,5.0,,AUD,2024-11-27
ORD002187,CUST0271,Noise Cancelling Headphones,2.0,1170.59,INR,11-30-2024
ORD000738,CUST0080,Noise Cancelling Headphones,5.0,187.64,USD,25/04/2025
ORD000191,CUST0370,27in Monitor,1.0,1448.15,USD,07-27-2024
ORD001445,CUST0124,USB-C Hub,1.0,944.5,USD,2025/01/16
ORD001518,CUST0045,External SSD 1TB,1.0,117.72,AUD,03-02-2025
ORD000433,CUST0032,External SSD 1TB,5.0,1658.73,GBP,2024-06-22
ORD002895,CUST0218,Webcam HD,,1535.18,GBP,2024-03-13
ORD001431,CUST0268,27in Monitor,1.0,1007.12,GBP,2024-01-24
ORD000014,CUST0044,Standing Desk,5.0,858.1,INR,2025-01-31
ORD002008,CUST0069,USB-C Hub,1.0,237.81,USD,20/03/2024
ORD001608,CUST0198,27in Monitor,5.0,750.98,USD,2024/12/12
ORD001633,CUST0082,Office Chair,3.0,425.23,GBP,2024-08-11
ORD000608,CUST0358,Laptop Pro 15,1.0,1783.54,GBP,11-30-2024
ORD002270,CUST0306,Office Chair,3.0,1375.8,GBP,24/02/2025
ORD002643,CUST0350,Noise Cancelling Headphones,5.0,1435.25,GBP,03-17-2024
ORD002585,CUST0337,USB-C Hub,1.0,237.37,USD,07-20-2024
ORD001072,CUST0382,USB-C Hub,3.0,1667.66,USD,2024-04-11
ORD001547,CUST0056,External SSD 1TB,3.0,241.79,USD,24/12/2024
ORD000204,CUST0353,Webcam HD,5.0,1648.02,EUR,2025-03-21
ORD001447,CUST0035,27in Monitor,2.0,548.85,EUR,2025-01-09
ORD000650,CUST0344,USB-C Hub,2.0,508.78,AUD,2024/03/25
ORD000892,CUST0135,Standing Desk,1.0,1021.44,GBP,05/12/2024
ORD002210,CUST0336,Noise Cancelling Headphones,2.0,1767.41,USD,2024-03-29
ORD001346,CUST0374,Mechanical Keyboard,1.0,260.81,USD,05-10-2025
ORD001846,CUST0330,Laptop Pro 15,1.0,1117.2,INR,01-13-2025
ORD002508,CUST0124,Laptop Pro 15,1.0,734.98,INR,04/06/2024
ORD000004,CUST0045,Webcam HD,1.0,1677.2,USD,08/09/2024
ORD002977,CUST0173,Noise Cancelling Headphones,1.0,1069.26,USD,2024/02/29
ORD002845,CUST0228,Mechanical Keyboard,1.0,161.83,USD,21/07/2024
ORD000372,CUST0254,External SSD 1TB,2.0,1790.89,AUD,06-14-2024
ORD000928,CUST0164,Mechanical Keyboard,1.0,397.59,INR,04-29-2024
ORD000528,CUST0323,Webcam HD,2.0,425.46,USD,10-25-2024
ORD000069,CUST0011,USB-C Hub,,1337.05,USD,2025/03/28
ORD000586,CUST0149,External SSD 1TB,3.0,728.55,EUR,2024-12-27
ORD000045,CUST0323,27in Monitor,1.0,1237.55,INR,2024/11/05
ORD001826,CUST0315,Noise Cancelling Headphones,3.0,407.84,USD,20/12/2024
ORD000949,CUST0068,Mechanical Keyboard,2.0,261.47,USD,2024-05-16
ORD000098,CUST0140,Laptop Pro 15,2.0,1781.44,USD,2024/10/10
ORD000610,CUST0049,27in Monitor,3.0,1146.79,AUD,17/04/2024
ORD002556,CUST0303,External SSD 1TB,2.0,1459.4,GBP,2024-05-01
ORD002104,CUST0063,Noise Cancelling Headphones,2.0,337.53,EUR,2024/02/02
ORD000144,CUST0273,Mechanical Keyboard,,748.23,AUD,2024/06/20
ORD002764,CUST0085,Mechanical Keyboard,3.0,1466.56,EUR,2024-03-19
ORD000384,CUST0165,Office Chair,1.0,883.13,INR,18/05/2024
ORD000100,CUST0122,Wireless Mouse,2.0,1676.42,EUR,03-19-2025
ORD002620,CUST0075,Office Chair,5.0,1310.82,USD,07-07-2024
ORD001908,CUST0356,Webcam HD,2.0,1203.42,USD,02-25-2024
ORD001231,CUST0009,USB-C Hub,2.0,100.58,AUD,11-16-2024
ORD000190,CUST0113,Noise Cancelling Headphones,5.0,1239.74,USD,08-30-2024
ORD001123,CUST0066,Wireless Mouse,2.0,203.14,AUD,08-26-2024
ORD002835,CUST0280,Mechanical Keyboard,5.0,865.44,GBP,2024/12/16
ORD001541,CUST0124,Webcam HD,2.0,732.09,EUR,2025/03/06
ORD000627,CUST0045,Mechanical Keyboard,3.0,61.8,USD,2025-03-10
ORD002661,CUST0369,Laptop Pro 15,3.0,838.09,USD,05-24-2024
ORD000073,CUST0258,Noise Cancelling Headphones,2.0,728.02,USD,03/03/2025
ORD002604,CUST0021,Webcam HD,2.0,1711.9,INR,12-17-2024
ORD001394,CUST0250,Wireless Mouse,2.0,841.48,INR,2025/03/26
ORD000401,CUST0351,Webcam HD,1.0,1233.67,AUD,2024/10/25
ORD002203,CUST0288,Noise Cancelling Headphones,1.0,645.03,INR,06/02/2025
ORD002498,CUST0043,USB-C Hub,3.0,291.02,EUR,03-26-2025
ORD000989,CUST0006,Noise Cancelling Headphones,1.0,1183.4,USD,02-06-2025
ORD001521,CUST0044,Office Chair,1.0,711.0,AUD,2025-04-04
ORD001558,CUST0171,Standing Desk,2.0,62.0,USD,2024-04-06
ORD001512,CUST0377,Mechanical Keyboard,3.0,381.83,GBP,23/11/2024
ORD000252,CUST0065,Webcam HD,1.0,479.48,GBP,21/02/2025
ORD000751,CUST0107,27in Monitor,5.0,1179.71,EUR,30/07/2024
ORD001791,CUST0156,27in Monitor,2.0,1521.82,USD,2024/06/30
ORD000972,CUST0187,USB-C Hub,1.0,1230.07,USD,06/02/2025
ORD001195,CUST0076,Standing Desk,2.0,283.8,INR,2025-05-11
ORD002513,CUST0346,Noise Cancelling Headphones,3.0,678.75,USD,2024/07/25
ORD001918,CUST0271,USB-C Hub,1.0,,USD,2024/11/30
ORD000611,CUST0372,27in Monitor,3.0,1239.03,USD,10/01/2024
ORD002116,CUST0275,Webcam HD,1.0,1764.3,USD,2024/01/21
ORD000279,CUST0286,Wireless Mouse,1.0,1465.5,INR,10-27-2024
ORD002118,CUST0238,Laptop Pro 15,2.0,,INR,23/02/2025
ORD001881,CUST0375,USB-C Hub,3.0,1641.23,INR,03/07/2024
ORD000614,CUST0001,Office Chair,1.0,680.99,USD,18/02/2025
ORD000666,CUST0192,27in Monitor,2.0,1481.57,GBP,01-26-2024
ORD002060,,27in Monitor,1.0,603.53,USD,2024-07-03
ORD002760,CUST0306,Laptop Pro 15,2.0,574.39,INR,02-14-2025
ORD000053,CUST0330,External SSD 1TB,1.0,1129.07,GBP,06-13-2024
ORD001264,CUST0009,Mechanical Keyboard,1.0,909.44,USD,2025/02/13
ORD000291,CUST0169,Webcam HD,1.0,335.27,EUR,2024/04/24
ORD001191,CUST0042,External SSD 1TB,3.0,700.97,GBP,2024-12-04
ORD002763,CUST0134,Laptop Pro 15,3.0,1085.47,USD,2024/02/02
ORD000365,CUST0374,Laptop Pro 15,1.0,848.63,GBP,28/06/2024
ORD000509,CUST0268,Standing Desk,3.0,109.69,USD,2025/03/05
ORD002937,CUST0156,27in Monitor,2.0,603.98,USD,28/01/2024
ORD000296,CUST0032,Wireless Mouse,1.0,0.0,GBP,2024-07-16
ORD001642,CUST0365,27in Monitor,1.0,1440.16,USD,28/04/2024
ORD002610,CUST0324,27in Monitor,5.0,441.83,EUR,2024/08/18
ORD001203,CUST0304,Mechanical Keyboard,2.0,402.9,USD,09/05/2024
ORD000425,CUST0392,External SSD 1TB,2.0,1313.46,USD,2024-01-05
ORD001951,CUST0344,Laptop Pro 15,1.0,848.76,USD,2024/03/30
ORD002370,CUST0353,27in Monitor,2.0,1081.1,USD,12/04/2025
ORD000025,CUST0399,External SSD 1TB,2.0,1235.54,EUR,07-02-2024
ORD000047,CUST0373,Mechanical Keyboard,2.0,1774.59,USD,2025-01-19
ORD001891,CUST0157,Standing Desk,1.0,584.43,INR,10-12-2024
ORD000527,CUST0312,27in Monitor,2.0,1327.44,AUD,17/01/2025
ORD001250,CUST0255,27in Monitor,2.0,1246.85,USD,04-17-2025
ORD001942,CUST0114,Office Chair,3.0,1087.72,USD,12-19-2024
ORD002892,CUST0086,Standing Desk,1.0,1302.14,USD,2024/11/12
ORD002581,CUST0108,Webcam HD,1.0,1484.74,USD,2025-03-13
ORD002199,CUST0052,Wireless Mouse,-1.0,643.98,USD,02/04/2025
ORD000256,CUST0200,Mechanical Keyboard,2.0,1632.36,EUR,2024/06/16
ORD002353,CUST0097,27in Monitor,2.0,879.63,USD,01-13-2024
ORD000512,CUST0360,External SSD 1TB,2.0,325.98,USD,2024/05/12
ORD000710,CUST0007,Standing Desk,1.0,1026.05,USD,12/01/2024
ORD002516,CUST0189,Wireless Mouse,5.0,47.52,USD,2025-04-11
ORD001348,CUST0329,Laptop Pro 15,2.0,1781.74,EUR,11-11-2024
ORD000018,CUST0111,27in Monitor,1.0,1578.79,USD,2024/01/06
ORD002725,CUST0020,27in Monitor,3.0,382.46,AUD,2024-03-11
ORD001414,CUST0313,Office Chair,2.0,580.07,USD,02-29-2024
ORD002472,CUST0204,Office Chair,2.0,1050.46,EUR,10-31-2024
ORD002296,CUST0194,External SSD 1TB,2.0,1060.66,USD,2024/06/05
ORD002654,CUST0098,USB-C Hub,3.0,1123.79,GBP,2024-10-07
ORD000903,CUST0019,Noise Cancelling Headphones,2.0,1523.42,EUR,2024-09-28
ORD002083,CUST0245,Standing Desk,2.0,967.59,USD,2024/06/29
ORD002095,CUST0027,Mechanical Keyboard,3.0,,USD,20/06/2024
ORD000744,CUST0229,External SSD 1TB,1.0,424.27,EUR,05-15-2024
ORD002997,CUST0119,Wireless Mouse,1.0,815.45,GBP,04-14-2025
ORD001240,CUST0198,27in Monitor,2.0,1237.75,INR,25/11/2024
ORD001061,,External SSD 1TB,5.0,815.39,USD,07-01-2024
ORD000592,CUST0029,Wireless Mouse,5.0,887.67,INR,28/11/2024
ORD001602,CUST0031,Laptop Pro 15,1.0,927.89,USD,05-07-2024
ORD001139,CUST0270,Mechanical Keyboard,2.0,1127.05,USD,2024-03-12
ORD000844,CUST0251,USB-C Hub,3.0,545.44,INR,2024/10/13
ORD002044,CUST0076,Webcam HD,1.0,1259.02,GBP,2024/01/17
ORD002948,CUST0300,Noise Cancelling Headphones,2.0,1191.22,GBP,19/11/2024
ORD001759,CUST0117,Wireless Mouse,1.0,1307.3,EUR,2024-12-18
ORD001051,CUST0222,Standing Desk,1.0,386.38,AUD,2024/11/05
ORD000771,CUST0001,Standing Desk,3.0,843.13,EUR,2024-02-20
ORD002226,CUST0304,Mechanical Keyboard,2.0,1312.69,GBP,2024/12/29
ORD000446,CUST0281,Noise Cancelling Headphones,2.0,300.97,USD,2025/03/01
ORD001372,CUST0228,Laptop Pro 15,2.0,1492.82,GBP,2024-10-05
ORD000202,CUST0066,Standing Desk,2.0,265.71,INR,02-29-2024
ORD000471,CUST0160,Webcam HD,2.0,1334.13,GBP,2024/10/27
ORD001239,CUST0182,Office Chair,1.0,1062.55,INR,05-06-2024
ORD001402,CUST0176,Office Chair,2.0,1062.88,INR,02/04/2024
ORD001256,CUST0101,Laptop Pro 15,2.0,1641.96,EUR,2024-04-08
ORD002615,CUST0210,USB-C Hub,2.0,924.2,GBP,2025/04/15
ORD002821,CUST0026,Office Chair,3.0,0.0,INR,2024/02/04
ORD002374,CUST0008,USB-C Hub,1.0,1382.48,AUD,2024/11/18
ORD002663,CUST0333,27in Monitor,3.0,1259.68,EUR,01-16-2024
ORD002919,CUST0364,27in Monitor,5.0,,USD,2024/08/03
ORD000621,CUST0240,Laptop Pro 15,3.0,1689.68,USD,11-27-2024
ORD000105,CUST0001,External SSD 1TB,3.0,1059.89,EUR,2025-04-20
ORD000276,CUST0056,27in Monitor,5.0,976.11,USD,10/09/2024
ORD001070,CUST0096,External SSD 1TB,1.0,1593.43,AUD,2024-08-11
ORD001728,CUST0334,Office Chair,2.0,1294.4,GBP,2024/06/19
ORD002696,CUST0091,Mechanical Keyboard,3.0,1453.17,GBP,02-19-2024
ORD002251,CUST0028,USB-C Hub,2.0,551.51,INR,01-10-2025
ORD001786,CUST0106,USB-C Hub,1.0,1344.99,USD,16/03/2024
ORD002205,CUST0318,Laptop Pro 15,5.0,1423.26,INR,03-29-2025
ORD000975,CUST0060,Webcam HD,5.0,771.5,USD,02-27-2024
ORD002999,CUST0108,External SSD 1TB,1.0,1045.16,INR,2024/05/17
ORD001509,CUST0392,Standing Desk,1.0,1296.32,GBP,03-25-2025
ORD001866,CUST0348,Standing Desk,3.0,771.35,USD,2024-07-23
ORD000553,CUST0204,External SSD 1TB,5.0,1231.76,GBP,08/03/2024
ORD002308,CUST0007,Wireless Mouse,3.0,516.63,GBP,02-10-2025
ORD001962,CUST0109,Webcam HD,2.0,1464.48,USD,03-18-2024
ORD002204,CUST0283,27in Monitor,3.0,663.5,USD,17/04/2025
ORD002893,CUST0325,Webcam HD,2.0,715.4,USD,02-13-2024
ORD000830,CUST0361,Wireless Mouse,,425.95,USD,2024-03-03
ORD001539,CUST0107,Webcam HD,5.0,1420.14,EUR,2024/10/02
ORD002148,CUST0361,External SSD 1TB,1.0,1783.68,INR,2025-05-10
ORD002630,CUST0068,Webcam HD,1.0,396.02,EUR,2024/06/17
ORD000874,CUST0282,Noise Cancelling Headphones,2.0,829.67,AUD,2024/09/29
ORD002530,CUST0326,Webcam HD,1.0,1188.86,USD,2025-01-03
ORD002217,CUST0351,External SSD 1TB,2.0,1279.53,USD,01-12-2025
ORD001784,CUST0127,Laptop Pro 15,2.0,1212.43,EUR,2024-07-27
ORD001294,CUST0010,Laptop Pro 15,5.0,1620.63,AUD,01/12/2024
ORD002927,CUST0169,Laptop Pro 15,2.0,1728.87,AUD,10-22-2024
ORD002006,CUST0029,Mechanical Keyboard,2.0,999.11,USD,12/02/2024
ORD000352,CUST0353,27in Monitor,3.0,1307.05,USD,2024-02-14
ORD000357,CUST0355,Wireless Mouse,5.0,194.35,USD,02/01/2025
ORD002631,CUST0397,Wireless Mouse,2.0,91.99,GBP,2024-06-12
ORD001140,CUST0035,Office Chair,1.0,844.61,USD,2025-01-07
ORD001421,CUST0390,27in Monitor,2.0,435.81,USD,09-01-2024
ORD001362,CUST0323,Webcam HD,5.0,1315.54,USD,01-28-2024
ORD002365,CUST0164,Standing Desk,1.0,127.91,USD,23/11/2024
ORD001395,CUST0278,Standing Desk,2.0,636.83,USD,07-15-2024
ORD001661,CUST0026,Office Chair,1.0,116.02,USD,2024/02/25
ORD000603,CUST0355,Noise Cancelling Headphones,1.0,1218.88,INR,2025-01-14
ORD000515,CUST0235,External SSD 1TB,3.0,1194.04,USD,04-09-2024
ORD000684,CUST0307,Wireless Mouse,2.0,597.66,USD,2024/09/09
ORD002993,CUST0240,27in Monitor,1.0,401.13,USD,10-06-2024
ORD002699,CUST0059,Wireless Mouse,1.0,1451.93,USD,2024/12/19
ORD001113,CUST0245,Noise Cancelling Headphones,-1.0,879.45,EUR,06/04/2024
ORD002186,CUST0299,Standing Desk,1.0,1205.42,GBP,2024-01-20
ORD002877,CUST0100,Office Chair,2.0,1211.39,EUR,2025-02-18
ORD000932,CUST0080,Mechanical Keyboard,3.0,692.74,USD,2024-02-14
ORD000188,CUST0388,Noise Cancelling Headphones,3.0,1722.34,INR,25/06/2024
ORD001589,CUST0005,27in Monitor,2.0,783.96,EUR,2024-06-23
ORD002917,CUST0164,27in Monitor,1.0,823.13,AUD,09/03/2024
ORD000673,CUST0211,Mechanical Keyboard,1.0,1242.2,USD,2024/09/01
ORD000702,CUST0155,Webcam HD,2.0,1043.13,GBP,2024-01-15
ORD000485,CUST0206,Laptop Pro 15,1.0,620.44,AUD,11-05-2024
ORD002340,CUST0223,Webcam HD,1.0,1769.4,USD,15/05/2024
ORD002762,CUST0083,Laptop Pro 15,,1588.07,INR,09-03-2024
ORD001054,CUST0217,Laptop Pro 15,2.0,1177.67,USD,2024/10/13
ORD001157,CUST0186,Mechanical Keyboard,1.0,402.67,AUD,10/04/2024
ORD002562,CUST0332,Wireless Mouse,3.0,1354.82,USD,27/03/2024
ORD000928,CUST0164,Mechanical Keyboard,1.0,397.59,INR,04-29-2024
ORD000817,CUST0342,Office Chair,2.0,1355.55,USD,2025-05-11
ORD002739,CUST0359,Noise Cancelling Headphones,5.0,555.85,INR,14/07/2024
ORD000706,CUST0229,Noise Cancelling Headphones,1.0,1544.64,INR,2024-02-14
ORD001949,CUST0359,Office Chair,2.0,1363.26,INR,09-15-2024
ORD001138,CUST0218,Standing Desk,2.0,611.27,GBP,08-13-2024
ORD002291,CUST0018,Mechanical Keyboard,2.0,1014.29,EUR,08/03/2024
ORD001237,CUST0117,Mechanical Keyboard,5.0,178.88,INR,2024-08-24
ORD000999,CUST0073,USB-C Hub,1.0,807.25,INR,2024/05/13
ORD000242,CUST0117,27in Monitor,2.0,310.5,USD,2024/11/14
ORD000731,CUST0396,Noise Cancelling Headphones,2.0,282.67,AUD,29/10/2024
ORD002317,CUST0106,Mechanical Keyboard,1.0,1088.76,USD,10-20-2024
ORD001067,CUST0229,Webcam HD,5.0,1046.27,EUR,2024-01-11
ORD001262,CUST0316,Mechanical Keyboard,3.0,232.15,EUR,16/12/2024
ORD001413,CUST0200,Office Chair,2.0,1595.51,USD,24/08/2024
ORD001102,CUST0341,Mechanical Keyboard,2.0,1340.97,GBP,2025/01/29
ORD001164,CUST0146,Laptop Pro 15,5.0,1562.39,USD,07-05-2024
ORD001254,CUST0338,Noise Cancelling Headphones,1.0,1360.22,USD,2024/11/05
ORD001410,CUST0367,External SSD 1TB,1.0,1487.56,GBP,01-15-2024
ORD001479,CUST0233,Office Chair,3.0,1753.54,INR,10-22-2024
ORD002888,CUST0216,Wireless Mouse,1.0,1044.25,GBP,30/10/2024
ORD000818,CUST0364,Noise Cancelling Headphones,3.0,123.31,USD,2025-02-09
ORD000649,CUST0252,Wireless Mouse,1.0,653.06,GBP,2025-05-08
ORD002072,CUST0138,Standing Desk,1.0,1117.6,USD,09-03-2024
ORD001450,CUST0325,Wireless Mouse,1.0,304.6,USD,05/07/2024
ORD000172,CUST0081,Webcam HD,,1533.99,GBP,2024/03/18
ORD001287,CUST0142,Office Chair,2.0,758.04,USD,07-08-2024
ORD002091,CUST0191,Laptop Pro 15,2.0,1089.27,AUD,2025/02/20
ORD001643,CUST0202,Standing Desk,1.0,381.95,INR,2024-04-21
ORD002261,CUST0105,Webcam HD,5.0,367.5,USD,04-18-2025
ORD001912,CUST0035,USB-C Hub,5.0,1781.01,USD,05-11-2025
ORD001588,CUST0302,Noise Cancelling Headphones,5.0,1380.43,USD,04-19-2024
ORD001148,CUST0066,Standing Desk,5.0,1446.53,INR,08-06-2024
ORD000143,,Noise Cancelling Headphones,2.0,389.36,USD,2025/02/24
ORD001424,CUST0243,Noise Cancelling Headphones,3.0,452.59,USD,01-02-2025
ORD001063,CUST0352,Noise Cancelling Headphones,3.0,312.7,USD,16/02/2025
ORD000340,CUST0249,Laptop Pro 15,2.0,950.91,EUR,2024/10/25
ORD002131,CUST0048,Mechanical Keyboard,5.0,975.99,EUR,28/08/2024
ORD001653,CUST0129,27in Monitor,2.0,42.21,USD,2024-07-08
ORD000042,CUST0381,Webcam HD,1.0,772.96,EUR,10-22-2024
ORD000722,CUST0125,Laptop Pro 15,2.0,1368.2,INR,13/02/2024
ORD001794,CUST0109,Office Chair,1.0,25.02,USD,2024/05/23
ORD000942,CUST0248,Wireless Mouse,1.0,325.4,GBP,2024-05-12
ORD001384,CUST0253,Webcam HD,3.0,469.47,INR,11-04-2024
ORD001685,CUST0217,USB-C Hub,1.0,80.12,GBP,2024/07/19
ORD002177,CUST0175,Mechanical Keyboard,1.0,740.25,AUD,14/01/2025
ORD002135,CUST0339,27in Monitor,1.0,858.08,USD,2024-04-27
ORD002706,CUST0230,Webcam HD,2.0,1669.7,USD,07-06-2024
ORD000278,CUST0096,External SSD 1TB,2.0,77.43,GBP,2024-03-22
ORD001441,CUST0296,External SSD 1TB,3.0,1018.01,GBP,2024-08-03
ORD000217,CUST0308,Webcam HD,5.0,44.17,USD,2024-10-20
ORD002797,CUST0349,27in Monitor,1.0,1366.46,USD,2024/12/07
ORD000570,CUST0239,Standing Desk,5.0,906.75,GBP,17/03/2025
ORD002924,CUST0026,Wireless Mouse,5.0,1001.68,USD,02-05-2024
ORD000322,CUST0274,27in Monitor,1.0,1744.13,USD,2024-10-15
ORD000418,CUST0240,27in Monitor,3.0,595.77,USD,2024/11/11
ORD002646,CUST0053,Mechanical Keyboard,5.0,1411.65,EUR,2024/05/09
ORD001613,CUST0203,Laptop Pro 15,5.0,274.87,AUD,03-10-2025
ORD002484,CUST0153,Mechanical Keyboard,1.0,1542.84,AUD,2024-05-17
ORD002043,CUST0329,Standing Desk,5.0,35.19,EUR,07/01/2025
ORD001234,CUST0381,External SSD 1TB,2.0,478.69,USD,20/02/2025
ORD000793,CUST0021,Noise Cancelling Headphones,3.0,177.68,USD,2024-03-16
ORD001763,CUST0102,Standing Desk,2.0,1559.21,EUR,16/10/2024
ORD002529,CUST0057,Webcam HD,3.0,1076.65,USD,2024-04-28
ORD002269,CUST0246,27in Monitor,1.0,1474.52,EUR,2025-02-13
ORD000283,CUST0080,Office Chair,3.0,524.42,INR,2024/04/05
ORD001482,CUST0375,Mechanical Keyboard,3.0,1101.03,USD,2024-02-15
ORD000978,CUST0236,27in Monitor,5.0,763.31,EUR,10-17-2024
ORD000796,CUST0397,External SSD 1TB,1.0,275.38,INR,2024-10-14
ORD002007,CUST0299,USB-C Hub,3.0,1068.19,INR,2024/08/08
ORD002445,CUST0034,USB-C Hub,1.0,897.05,GBP,31/01/2025
ORD002227,CUST0217,Wireless Mouse,1.0,474.58,GBP,2024/10/29
ORD000925,CUST0077,Noise Cancelling Headphones,1.0,555.41,EUR,10-11-2024
ORD001979,CUST0382,USB-C Hub,,1340.85,USD,05-29-2024
ORD002509,CUST0115,27in Monitor,2.0,1116.3,USD,2024/07/04
ORD001499,CUST0143,Mechanical Keyboard,1.0,1183.68,USD,2024-02-03
ORD000175,CUST0255,Noise Cancelling Headphones,1.0,1495.0,USD,21/07/2024
ORD001310,CUST0191,Webcam HD,1.0,466.93,USD,2024-08-11
ORD000379,CUST0017,Laptop Pro 15,1.0,243.64,USD,2025-04-20
ORD001638,CUST0350,Wireless Mouse,5.0,1652.83,AUD,2024/05/31
ORD002411,CUST0340,27in Monitor,1.0,346.47,INR,2024-07-11
ORD000836,CUST0089,Laptop Pro 15,5.0,585.99,EUR,11/10/2024
ORD000355,CUST0287,Office Chair,-1.0,1700.88,GBP,2024-02-19
ORD002609,CUST0314,Office Chair,3.0,1030.07,INR,26/01/2024
ORD000173,CUST0251,Mechanical Keyboard,1.0,889.86,INR,2024-12-19
ORD000124,CUST0002,Mechanical Keyboard,2.0,1496.6,INR,01-07-2024
ORD001142,CUST0270,Noise Cancelling Headphones,2.0,1352.29,USD,2025/01/16
ORD002793,CUST0241,USB-C Hub,5.0,1007.79,USD,2024/05/21
ORD001146,CUST0364,Office Chair,5.0,487.48,EUR,2024/10/19
ORD002263,CUST0014,Webcam HD,2.0,1240.66,USD,02/10/2024
ORD002501,CUST0388,Laptop Pro 15,3.0,189.01,INR,2025/03/02
ORD002496,CUST0081,Noise Cancelling Headphones,2.0,914.42,EUR,2025-03-06
ORD002857,CUST0173,Laptop Pro 15,1.0,1630.23,EUR,04-25-2025
ORD000759,CUST0070,Office Chair,1.0,683.17,USD,2024-12-06
ORD001349,CUST0024,Office Chair,5.0,325.16,GBP,07/01/2024
ORD000253,CUST0181,Laptop Pro 15,2.0,303.57,GBP,23/05/2024
ORD002452,CUST0282,Mechanical Keyboard,1.0,1196.16,AUD,26/04/2024
ORD002868,CUST0331,Mechanical Keyboard,1.0,1281.62,EUR,2024/09/09
ORD002406,CUST0212,Standing Desk,-1.0,587.45,INR,05-02-2024
ORD002483,CUST0052,Office Chair,5.0,748.07,USD,17/09/2024
ORD000804,CUST0130,Webcam HD,5.0,922.04,GBP,02-08-2025
ORD002685,CUST0243,27in Monitor,,1795.08,AUD,08/01/2025
ORD001649,CUST0233,Mechanical Keyboard,1.0,1668.35,USD,2025/02/25
ORD002059,CUST0017,External SSD 1TB,3.0,1084.98,AUD,2025/01/31
ORD002878,CUST0011,USB-C Hub,5.0,1750.21,INR,2025/04/02
ORD002103,CUST0015,External SSD 1TB,1.0,974.89,USD,16/02/2025
ORD001224,CUST0022,USB-C Hub,1.0,786.65,USD,2025-04-18
ORD001032,CUST0329,Webcam HD,3.0,1286.87,USD,19/10/2024
ORD001992,CUST0228,Mechanical Keyboard,1.0,1274.06,USD,22/06/2024
ORD002403,CUST0007,USB-C Hub,2.0,1447.59,EUR,2024/06/23
ORD002189,CUST0158,Laptop Pro 15,1.0,857.19,INR,02-27-2024
ORD000003,CUST0069,Laptop Pro 15,3.0,716.4,GBP,2024/01/07
ORD000991,CUST0256,Laptop Pro 15,5.0,1292.2,USD,2024/05/27
ORD000643,CUST0392,Webcam HD,2.0,934.92,USD,01/03/2025
ORD000907,CUST0275,27in Monitor,3.0,1700.86,USD,01-10-2025
ORD001597,CUST0298,External SSD 1TB,3.0,1336.16,GBP,2024-10-18
ORD000206,CUST0304,Office Chair,5.0,878.53,GBP,11-06-2024
ORD002201,CUST0069,Office Chair,1.0,930.8,EUR,2024/08/20
ORD000801,CUST0278,27in Monitor,5.0,823.11,USD,17/05/2024
ORD002914,CUST0237,Mechanical Keyboard,1.0,1354.99,USD,02-18-2025
ORD001305,CUST0189,Wireless Mouse,1.0,1672.51,INR,2024/04/30
ORD001991,CUST0175,USB-C Hub,5.0,1377.38,USD,06/11/2024
ORD002233,CUST0184,Noise Cancelling Headphones,5.0,1661.26,GBP,2025-02-20
ORD001585,CUST0109,USB-C Hub,1.0,1639.0,INR,03-23-2024
ORD002241,CUST0038,Noise Cancelling Headphones,2.0,1066.29,USD,2024-06-22
ORD001773,CUST0362,Noise Cancelling Headphones,1.0,1615.84,EUR,2024/08/18
ORD000798,CUST0097,Noise Cancelling Headphones,5.0,1098.08,USD,03/04/2024
ORD001694,CUST0276,Laptop Pro 15,2.0,1657.35,USD,2024/09/08
ORD002468,CUST0331,Mechanical Keyboard,2.0,1020.8,USD,03/05/2024
ORD000562,CUST0380,Laptop Pro 15,1.0,63.42,INR,24/01/2024
ORD002525,CUST0285,Laptop Pro 15,2.0,1029.77,USD,14/02/2025
ORD002765,CUST0296,Wireless Mouse,2.0,92.97,USD,02-18-2025
ORD001966,,Webcam HD,1.0,1229.24,USD,04-29-2025
ORD002858,CUST0283,27in Monitor,3.0,848.31,INR,23/11/2024
ORD002467,CUST0383,USB-C Hub,1.0,946.79,INR,29/03/2025
ORD002825,CUST0358,USB-C Hub,3.0,1128.97,AUD,2024-07-08
ORD000852,CUST0100,Office Chair,3.0,769.09,EUR,04-25-2024
ORD001544,CUST0068,USB-C Hub,2.0,1647.89,USD,02-18-2024
ORD002751,CUST0134,Laptop Pro 15,3.0,1136.19,USD,01-11-2024
ORD000455,CUST0348,Noise Cancelling Headphones,1.0,1703.66,EUR,2024/09/18
ORD001186,CUST0313,Standing Desk,2.0,1191.29,USD,08-29-2024
ORD002635,CUST0341,External SSD 1TB,2.0,1362.16,USD,2024/01/20
ORD001020,CUST0266,Standing Desk,-1.0,32.44,INR,2024-02-11
ORD001169,CUST0028,27in Monitor,2.0,1324.24,EUR,2025-05-02
ORD000929,CUST0308,Standing Desk,1.0,250.58,GBP,2024/09/12
ORD000029,CUST0255,USB-C Hub,2.0,1481.72,GBP,05-08-2024
ORD001552,CUST0286,USB-C Hub,2.0,439.96,USD,2024/08/15
ORD001405,CUST0319,27in Monitor,2.0,626.65,EUR,05-17-2024
ORD000382,CUST0077,Mechanical Keyboard,3.0,601.73,USD,01-06-2024
ORD001897,CUST0287,USB-C Hub,5.0,1622.88,USD,2024/06/09
ORD002619,CUST0329,Mechanical Keyboard,2.0,352.24,AUD,2024-09-29
ORD001172,CUST0235,Laptop Pro 15,1.0,1008.1,EUR,26/08/2024
ORD000912,CUST0317,Standing Desk,1.0,1675.57,USD,2024/09/15
ORD000680,CUST0073,Webcam HD,1.0,1083.98,USD,06-04-2024
ORD002223,CUST0218,Standing Desk,1.0,560.29,AUD,03-12-2024
ORD001292,CUST0143,USB-C Hub,2.0,978.28,USD,2024/02/08
ORD001100,CUST0396,Standing Desk,2.0,517.28,USD,01/07/2024
ORD002532,CUST0043,External SSD 1TB,1.0,33.59,GBP,02-17-2025
ORD002708,CUST0179,Webcam HD,2.0,325.42,EUR,2025-04-09
ORD000835,CUST0381,Laptop Pro 15,1.0,1623.57,EUR,2024/09/21
ORD001670,CUST0253,Standing Desk,2.0,1044.87,EUR,08-10-2024
ORD001437,CUST0135,Laptop Pro 15,,1317.03,GBP,22/01/2024
ORD000768,CUST0068,USB-C Hub,1.0,1272.97,AUD,2024-11-11
ORD002055,CUST0112,Noise Cancelling Headphones,5.0,1495.19,GBP,2024/06/14
ORD001689,CUST0347,Laptop Pro 15,1.0,158.0,EUR,22/11/2024
ORD001251,CUST0085,USB-C Hub,2.0,651.73,USD,2024/02/17
ORD000099,CUST0396,27in Monitor,1.0,1736.84,EUR,2024/11/25
ORD000789,CUST0317,Laptop Pro 15,5.0,1656.72,INR,12/03/2024
ORD002154,CUST0027,USB-C Hub,2.0,951.46,USD,2024/06/06
ORD001720,CUST0018,Laptop Pro 15,2.0,243.36,USD,2024/07/19
ORD000757,CUST0154,Laptop Pro 15,2.0,1351.91,USD,2024/03/08
ORD000952,CUST0053,Wireless Mouse,2.0,1776.57,GBP,03-26-2025
ORD000762,CUST0030,Mechanical Keyboard,1.0,1567.48,USD,2024/05/12
ORD000119,CUST0191,27in Monitor,1.0,485.39,EUR,03-28-2024
ORD000207,CUST0322,USB-C Hub,5.0,277.61,AUD,02-18-2024
ORD002161,CUST0129,USB-C Hub,1.0,1071.21,GBP,13/10/2024
ORD002577,CUST0242,Mechanical Keyboard,2.0,367.14,USD,2024-07-30
ORD001136,CUST0204,Mechanical Keyboard,2.0,1526.55,USD,24/10/2024
ORD000305,CUST0238,Noise Cancelling Headphones,1.0,936.61,USD,2025/01/16
ORD000828,CUST0319,Office Chair,2.0,1451.6,GBP,2024-12-01
ORD002068,CUST0121,Noise Cancelling Headphones,1.0,705.77,USD,2025/02/21
ORD002475,CUST0390,USB-C Hub,3.0,1614.58,INR,21/11/2024
ORD000743,CUST0211,Mechanical Keyboard,2.0,1352.51,EUR,2024-09-14
ORD002019,CUST0241,External SSD 1TB,2.0,657.96,EUR,02-01-2024
ORD001418,CUST0145,Noise Cancelling Headphones,2.0,553.78,INR,2025/05/11
ORD001407,CUST0278,Standing Desk,1.0,364.6,EUR,2024-01-11
ORD002056,CUST0175,Webcam HD,3.0,497.28,INR,2024/01/01
ORD000842,CUST0231,External SSD 1TB,1.0,869.88,USD,06-08-2024
ORD002400,CUST0172,27in Monitor,3.0,1616.12,INR,2024/02/25
ORD001071,CUST0007,Noise Cancelling Headphones,1.0,928.82,EUR,09/11/2024
ORD002683,CUST0389,Standing Desk,2.0,1415.7,AUD,10-06-2024
ORD000424,CUST0320,Mechanical Keyboard,1.0,1743.27,EUR,2025/01/09
ORD001335,CUST0282,Webcam HD,3.0,277.14,USD,04/07/2024
ORD001575,CUST0026,Office Chair,1.0,49.32,GBP,2024/10/23
ORD000451,CUST0056,Webcam HD,3.0,1455.43,EUR,2025-01-25
ORD001388,CUST0090,Noise Cancelling Headphones,3.0,1136.85,USD,04-04-2025
ORD000965,CUST0327,Webcam HD,2.0,953.52,INR,19/03/2025
ORD001242,CUST0369,Standing Desk,5.0,1023.12,USD,2024/03/19
ORD001401,CUST0034,USB-C Hub,5.0,932.96,AUD,2024-10-30
ORD002016,CUST0223,Office Chair,1.0,1319.23,EUR,16/02/2024
ORD000200,CUST0236,Wireless Mouse,1.0,764.19,USD,01/08/2024
ORD000423,CUST0145,External SSD 1TB,2.0,1682.7,INR,29/02/2024
ORD001027,CUST0132,Mechanical Keyboard,2.0,379.42,GBP,03-27-2025
ORD002990,CUST0103,Office Chair,1.0,166.55,USD,2024/01/29
ORD001419,CUST0252,Webcam HD,1.0,1255.57,INR,03/12/2024
ORD002608,CUST0065,Mechanical Keyboard,2.0,1593.46,USD,01-23-2024
ORD000736,CUST0394,Wireless Mouse,2.0,1594.06,EUR,08-19-2024
ORD002077,CUST0007,Noise Cancelling Headphones,3.0,1012.95,USD,11/01/2024
ORD001509,CUST0392,Standing Desk,1.0,1296.32,GBP,03-25-2025
ORD002761,CUST0396,Standing Desk,1.0,644.22,INR,2024/11/02
ORD002582,CUST0137,External SSD 1TB,3.0,1515.22,GBP,2024-04-08
ORD002734,CUST0281,Wireless Mouse,1.0,997.83,USD,13/01/2025
ORD000599,CUST0045,Standing Desk,1.0,1407.21,EUR,05/03/2025
ORD000576,CUST0250,27in Monitor,5.0,1613.19,EUR,2024/12/06
ORD000492,CUST0184,USB-C Hub,3.0,17.16,GBP,2024/01/17
ORD000348,CUST0375,Mechanical Keyboard,1.0,1223.64,USD,2024-03-16
ORD001501,CUST0202,Standing Desk,2.0,212.08,USD,09-11-2024
ORD002543,CUST0331,External SSD 1TB,1.0,1450.58,AUD,30/04/2025
ORD001766,CUST0112,Standing Desk,5.0,606.86,INR,29/03/2024
ORD001895,CUST0024,Webcam HD,3.0,213.21,INR,15/04/2025
ORD002371,CUST0159,Wireless Mouse,3.0,1622.97,USD,2024-02-18
ORD000411,CUST0265,Noise Cancelling Headphones,5.0,1395.05,USD,04-28-2024
ORD002219,CUST0243,Laptop Pro 15,2.0,40.74,EUR,12-13-2024
ORD002876,CUST0362,Webcam HD,1.0,325.84,INR,2024-04-08
ORD001864,CUST0345,Wireless Mouse,2.0,1658.89,USD,01-27-2024
ORD000950,CUST0327,Webcam HD,1.0,331.47,EUR,05/04/2024
ORD002856,CUST0080,USB-C Hub,1.0,336.74,USD,28/05/2024
ORD000564,CUST0283,External SSD 1TB,1.0,1128.83,AUD,2024/10/30
ORD000778,CUST0117,Laptop Pro 15,3.0,1434.31,EUR,2024-01-15
ORD002489,CUST0381,USB-C Hub,1.0,1208.74,AUD,21/06/2024
ORD000350,CUST0131,Webcam HD,1.0,1763.59,INR,12-05-2024
ORD000271,CUST0266,Mechanical Keyboard,,1542.8,USD,02-28-2025
ORD001374,CUST0281,Mechanical Keyboard,2.0,357.04,EUR,2024/01/04
ORD002192,CUST0160,27in Monitor,3.0,772.78,USD,06-20-2024
ORD001086,CUST0131,USB-C Hub,1.0,1602.11,GBP,01-09-2024
ORD001930,CUST0104,Webcam HD,2.0,1664.88,USD,05-04-2024
ORD000270,CUST0274,USB-C Hub,2.0,963.04,USD,01-10-2024
ORD000621,CUST0240,Laptop Pro 15,3.0,1689.68,USD,11-27-2024
ORD000668,CUST0383,Noise Cancelling Headphones,2.0,1370.86,USD,08-28-2024
ORD000459,CUST0136,Laptop Pro 15,2.0,1489.52,USD,2024/04/16
ORD000116,CUST0178,Laptop Pro 15,1.0,1464.96,USD,2025/04/20
ORD000829,CUST0236,Laptop Pro 15,2.0,913.36,USD,2024-01-22
ORD001110,CUST0078,Noise Cancelling Headphones,2.0,87.04,USD,05/01/2024
ORD001902,CUST0166,External SSD 1TB,1.0,1345.31,INR,10-05-2024
ORD002097,CUST0348,Webcam HD,2.0,,USD,2024/04/26
ORD001385,CUST0089,Webcam HD,3.0,1622.42,USD,09/12/2024
ORD002900,CUST0359,Laptop Pro 15,2.0,1408.58,AUD,2024/07/28
ORD002185,CUST0217,USB-C Hub,2.0,528.53,EUR,03-08-2024
ORD000987,CUST0310,Noise Cancelling Headphones,2.0,527.59,USD,2024/03/28
ORD002182,CUST0030,External SSD 1TB,3.0,869.15,AUD,2024-05-05
ORD002410,CUST0352,Laptop Pro 15,5.0,1001.02,USD,2025-03-18
ORD002034,CUST0137,Webcam HD,5.0,184.92,USD,2024/12/05
ORD001365,CUST0333,Laptop Pro 15,2.0,457.69,USD,23/02/2025
ORD000452,CUST0242,Laptop Pro 15,5.0,210.35,USD,2024-03-25
